GEOID20,TDI_base,TDI_supply_iso,TDI_supply_freq,TDI_supply_station,residual_TDI_supply_iso,residual_TDI_supply_freq,residual_TDI_supply_station,TDI_base_rank,TDI_supply_iso_rank,TDI_supply_freq_rank,TDI_supply_station_rank,rank_std
49049000901,0.105058985417261,-0.317999561215282,0.173443137111563,0.290677194544423,-0.423058546632543,0.06838415169430201,0.18561820912716198,257.0,353.0,287.0,231.0,52.57375771237966
49049002500,-0.132678008075518,0.062351700759365,-0.276006837701845,-0.253668351078326,0.195029708834883,-0.14332882962632698,-0.12099034300280803,324.0,256.0,429.0,373.0,73.48696029455384
49049003401,-0.339935763245694,-1.140513046078365,0.192160182828056,-0.065137606429858,-0.8005772828326709,0.53209594607375,0.274798156815836,382.0,475.0,263.0,330.0,89.4296744188788
49049010210,0.577771900514995,0.447425102120662,0.328761056244814,0.487117644546142,-0.13034679839433305,-0.24901084427018105,-0.09065425596885307,120.0,151.0,107.0,96.0,23.78374795247096
49049000505,0.735959333263448,0.855435935174821,0.32139659745515,0.477869791168331,0.11947660191137299,-0.414562735808298,-0.258089542095117,83.0,87.0,149.0,148.0,36.70036330428715
49049000507,0.736462689133442,0.855939291044815,0.321899953325144,0.478373147038325,0.11947660191137299,-0.41456273580829806,-0.25808954209511703,79.0,83.0,145.0,144.0,36.70036330428715
49049010209,0.472721002615439,0.177833494431184,0.333340340374778,0.491427872306371,-0.29488750818425497,-0.13938066224066098,0.01870686969093205,138.0,217.0,93.0,82.0,61.32155684042385
49049010211,0.737445933454954,0.856922535366326,0.322883197646656,0.479356391359837,0.119476601911372,-0.414562735808298,-0.25808954209511703,71.0,75.0,136.0,132.0,35.29400326778852
49049010409,0.650183153524897,0.61979007618101,0.33461510510631,0.493242351303383,-0.030393077343886965,-0.315568048418587,-0.15694080222151396,106.0,123.0,87.0,76.0,20.768565991260285
49049010406,-0.061182480139792,-0.721097283937048,0.244885545698665,0.154178809741499,-0.659914803797256,0.306068025838457,0.215361289881291,296.0,426.0,216.0,265.0,89.76032902494657
49049000703,0.027281770043641,-0.386973774436668,0.084529762698763,0.213931413995101,-0.41425554448030905,0.057247992655121996,0.18664964395146,275.0,374.0,334.0,251.0,55.883808030591474
49049001501,0.386014208774755,0.223219010923894,0.299919369321594,0.26727244296522,-0.162795197850861,-0.08609483945316099,-0.118741765809535,168.0,198.0,175.0,238.0,31.55286569130185
49049001802,0.246740308139317,0.415489134313861,-0.35741638774121,0.399775654592259,0.16874882617454398,-0.604156695880527,0.153035346452942,218.0,160.0,437.0,181.0,127.60616495033982
49049002206,0.304616098369484,-0.041852656573788,0.330540012138485,0.302803622264647,-0.346468754943272,0.025923913769000995,-0.0018124761048369797,198.0,285.0,102.0,224.0,76.13310712167211
49049001401,-0.806175579531261,-1.635667122847918,0.219226111181072,-0.64007713723378,-0.8294915433166571,1.025401690712333,0.16609844229748094,464.0,509.0,241.0,448.0,119.16515150551915
49049001503,0.431745176346447,0.165389273520439,0.311863148166385,0.431724684078837,-0.26635590282600796,-0.119882028180062,-2.0492267609972803e-05,155.0,222.0,162.0,167.0,30.730007050655445
49035980000,0.290441585053129,-0.035661289433165,1.854504842704039,-0.262354454506165,-0.326102874486294,1.56406325765091,-0.552796039559294,201.0,281.0,8.0,374.0,155.64703659241314
49035113906,-0.672101313876946,-1.662621662276247,0.207466873377732,-0.23491496508185,-0.990520348399301,0.8795681872546781,0.43718634879509605,448.0,514.0,250.0,369.0,113.53523682099755
49035100308,0.462484981305361,0.669843817208486,0.391005222054646,0.147347169473788,0.20735883590312498,-0.07147975925071498,-0.31513781183157297,143.0,116.0,45.0,268.0,93.01971117277598
49035111702,-0.762678508451321,-0.164687358296277,-1.147827389177776,-0.554584812643056,0.597991150155044,-0.3851488807264549,0.20809369580826498,456.0,319.0,493.0,429.0,74.91050215646223
49011126105,-0.859200667928778,-0.385538338245022,-1.13504202353169,-0.765998214356076,0.47366232968375604,-0.275841355602912,0.09320245357270207,470.0,371.0,492.0,463.0,53.44779384283945
49011126203,-1.845690068600787,-1.356892235515262,-1.518908600777309,-1.800386083807149,0.48879783308552516,0.32678146782347817,0.045303984793638064,517.0,498.0,504.0,517.0,9.556847457887633
49011126304,-1.692435990280017,-0.721835282935323,-2.502342809019094,-1.077809256217052,0.9706007073446941,-0.809906818739077,0.614626734062965,510.0,427.0,520.0,487.0,41.689327171351664
49011126306,-2.381634724609729,-1.736895544765995,-1.548947018401245,-2.641962215334,0.6447391798437341,0.8326877062084841,-0.26032749072427075,526.0,515.0,506.0,526.0,9.673847907287634
49011125501,-0.704388690801075,-1.637668545378433,0.238827457604923,-0.488135142971128,-0.933279854577358,0.943216148405998,0.21625354782994705,451.0,510.0,224.0,415.0,123.69586357945307
49011125502,-0.541707988368093,-0.850782640947066,-0.486954401357815,-0.090023813054684,-0.30907465257897304,0.05475358701027799,0.451684175313409,425.0,447.0,450.0,340.0,51.552562173636595
49011125503,-0.169789324125278,-0.8251643182739,0.286594981585727,-0.030195094759397,-0.655374994148622,0.45638430571100497,0.139594229365881,337.0,443.0,190.0,317.0,103.78623865105303
49011125600,-0.069722285244009,0.59805878579027,-0.079913877042689,-0.776764990808633,0.6677810710342791,-0.010191591798679997,-0.707042705564624,305.0,128.0,387.0,465.0,144.44924137333962
49011125801,-1.04227755207114,-0.463106420712354,-1.256877277284289,-0.729297815055817,0.579171131358786,-0.21459972521314907,0.312979737015323,487.0,386.0,499.0,461.0,50.71078123371137
49011125804,0.651846130345421,0.635581322174,0.319709297584956,0.499632035141379,-0.016264808171421063,-0.3321368327604651,-0.15221409520404205,104.0,120.0,153.0,63.0,37.389838191679836
49011125905,-0.881533806990738,-1.288797598765317,-0.306756942870946,-0.713464163747081,-0.40726379177457905,0.574776864119792,0.16806964324365703,474.0,490.0,433.0,458.0,24.308777564218786
49011125906,-1.173796025418447,-1.554994923051953,-0.863660015099795,-0.543496781666948,-0.3811988976335061,0.310136010318652,0.6302992437514989,493.0,507.0,475.0,426.0,35.34944601168925
49057210704,-1.399226736531404,-1.657506197580749,-0.892057944691077,-0.9577827811248,-0.25827946104934507,0.5071687918403269,0.44144395540660397,503.0,513.0,478.0,482.0,16.753109164172084
49057210800,-1.06368632924614,-0.241387115599158,-1.662184843811744,-0.805169989966128,0.822299213646982,-0.5984985145656039,0.25851633928001205,489.0,336.0,510.0,472.0,78.7162626145322
49057210900,-1.399125916550264,-1.785575193929035,-1.758513174483422,-0.068892334305558,-0.3864492773787709,-0.35938725793315784,1.330233582244706,502.0,517.0,512.0,331.0,89.88325761786786
49049010118,0.73623600273314,0.855712604644512,0.321673266924842,0.478146460638023,0.119476601911372,-0.41456273580829806,-0.25808954209511703,82.0,86.0,148.0,147.0,36.70036330428715
49049010125,0.466988494459601,0.175391748123827,0.326051616531052,0.482524810244233,-0.29159674633577404,-0.14093687792854898,0.015536315784631993,139.0,218.0,122.0,115.0,47.416593438724945
49049003404,0.296722784197241,0.116672267936712,0.185921947521907,0.257062314646433,-0.18005051626052904,-0.11080083667533402,-0.03966046955080804,200.0,237.0,270.0,239.0,28.641461787648574
49049001404,0.150717562555797,0.418078939475047,-0.086412325966718,-0.054020572665036,0.26736137691925,-0.237129888522515,-0.204738135220833,244.0,159.0,389.0,325.0,99.73423016530818
49049010225,0.499907678625534,0.324511371956828,0.256355051527188,0.485989957207242,-0.17539630666870598,-0.24355262709834596,-0.013917721418292006,134.0,171.0,211.0,100.0,47.798186855430686
49049002213,0.147118406643403,-0.346318250353971,0.217288814695769,0.322475337599112,-0.49343665699737405,0.07017040805236599,0.175356930955709,246.0,359.0,243.0,219.0,62.67575288738062
49049010131,0.276727173488485,-0.211653338195601,0.288206392593149,0.527137010735471,-0.488380511684086,0.011479219104663985,0.250409837246986,208.0,326.0,187.0,44.0,115.67014884287707
49049000208,0.33800397212943,0.099669484750298,0.06625704075796,0.499383442836479,-0.238334487379132,-0.27174693137147,0.161379470707049,188.0,241.0,345.0,64.0,116.88313251563147
49035112505,-0.207191283092313,-0.194509208804107,0.280990693736476,-0.614662105241549,0.012682074288206002,0.488181976828789,-0.40747082214923597,356.0,321.0,195.0,445.0,103.60944294159034
49035111601,1.607586652091862,1.920260037141667,2.275353923214436,1.458403213342387,0.3126733850498049,0.667767271122574,-0.14918343874947504,8.0,16.0,5.0,13.0,4.932882862316247
49035113540,0.378109134951261,0.313614075052986,0.134761417705347,0.376220872976385,-0.06449505989827498,-0.24334771724591397,-0.00188826197487596,171.0,176.0,308.0,195.0,64.50064599159711
49035114303,0.763363306582517,0.839915065781088,0.37737295806648,0.53384615177966,0.07655175919857093,-0.38599034851603703,-0.22951715480285706,29.0,94.0,47.0,39.0,28.790912918257153
49035113109,0.707911095512659,0.808832082417915,0.294944797535755,0.482298615780108,0.10092098690525608,-0.412966297976904,-0.22561247973255094,92.0,99.0,181.0,116.0,40.60377650744653
49035114602,0.745491332685674,0.864967934597047,0.330928596877377,0.487401790590557,0.11947660191137299,-0.414562735808297,-0.25808954209511703,45.0,53.0,99.0,94.0,27.69326031125022
49035113312,1.324464011968474,1.115300670072401,1.596712240561198,1.51017589618413,-0.209163341896073,0.2722482285927239,0.185711884215656,12.0,24.0,11.0,11.0,6.3508529610858835
49035113112,0.738403363072016,0.857879964983389,0.323840627263718,0.480313820976899,0.11947660191137299,-0.41456273580829806,-0.25808954209511703,64.0,69.0,129.0,125.0,35.02737025051505
49035112504,0.218886834854342,0.238866405836048,-0.121797214692652,0.306008770478313,0.019979570981706024,-0.340684049546994,0.087121935623971,224.0,194.0,395.0,221.0,91.9945650568554
49035112829,0.59822969474871,0.533203918506148,0.343472450427698,0.465851585228387,-0.065025776242562,-0.25475724432101204,-0.13237810952032303,117.0,138.0,73.0,154.0,35.10460558578223
49035113113,0.750926445011553,0.870403046922925,0.336363709203255,0.492836902916435,0.119476601911372,-0.41456273580829806,-0.25808954209511803,39.0,46.0,84.0,78.0,22.544400635190993
49035113023,0.506022354813986,0.297116333638611,0.299288548536857,0.486642366781209,-0.20890602117537505,-0.20673380627712906,-0.019379988032777073,131.0,182.0,176.0,98.0,39.67681942898145
49035113114,0.760381156669427,0.876314347295285,0.348177048480638,0.504650242193819,0.11593319062585805,-0.41220410818878894,-0.2557309144756079,32.0,40.0,68.0,60.0,16.812693617224657
49035113111,0.743299702698869,0.862776304610241,0.328736966890571,0.485210160603751,0.119476601911372,-0.414562735808298,-0.25808954209511803,48.0,57.0,108.0,104.0,31.148836254345042
49035113110,0.73731750782564,0.856794109737012,0.322754772017342,0.479227965730522,0.119476601911372,-0.414562735808298,-0.258089542095118,74.0,78.0,139.0,136.0,35.565666965019325
49035112828,0.3859253288514,0.115051444152568,0.266382727260236,0.41748857675484,-0.270873884698832,-0.11954260159116403,0.031563247903440006,169.0,238.0,199.0,172.0,31.984371183438952
49035111104,-0.562021841088767,-0.5978179278445,-0.240165916479412,-0.698718680771573,-0.03579608675573309,0.32185592460935497,-0.136696839682806,429.0,411.0,423.0,453.0,17.663521732655695
49035113314,0.204538598103941,0.420734316961107,-0.296179247561793,0.353328555713131,0.216195718857166,-0.500717845665734,0.14878995760918998,227.0,158.0,432.0,206.0,120.99690078675569
49035113541,0.450084754744086,0.475045988429287,0.080114602052011,0.392403634567204,0.024961233685201034,-0.369970152692075,-0.057681120176881984,147.0,142.0,337.0,184.0,91.60240171523888
49049010600,0.725721477989283,0.827825156887632,0.32195861288492,0.480585859081993,0.10210367889834904,-0.403762865104363,-0.24513561890728996,89.0,97.0,144.0,124.0,25.25206262202489
49049000400,-0.55302631406303,-1.236486689851185,0.187263237376712,-0.416905416762716,-0.683460375788155,0.7402895514397421,0.13612089730031407,428.0,483.0,269.0,407.0,90.99587902756916
49049010410,0.636253689585194,0.663837967755923,0.261021126409372,0.480759001727092,0.02758427817072895,-0.37523256317582204,-0.155494687858102,111.0,117.0,203.0,123.0,43.278170016764804
49049010411,0.742513042330228,0.8619896442416,0.32795030652193,0.48442350023511,0.119476601911372,-0.41456273580829794,-0.258089542095118,50.0,58.0,111.0,106.0,31.70042060709395
49049010503,0.765230917588868,0.884707519500241,0.35066818178057,0.507141375493751,0.11947660191137299,-0.41456273580829794,-0.2580895420951169,28.0,34.0,60.0,56.0,15.864005379054392
49049010504,0.669342824702129,0.739174453833152,0.265988838186774,0.485726713504495,0.06983162913102292,-0.40335398651535503,-0.18361611119763405,101.0,113.0,200.0,103.0,47.45787605866912
49049010900,0.574649330405383,0.469906142748055,0.326616319572085,0.45712851892296,-0.10474318765732804,-0.24803301083329804,-0.117520811482423,121.0,144.0,119.0,159.0,19.207203509794617
49049980100,0.736236257705191,0.855712859616563,0.321673521896893,0.478146715610073,0.119476601911372,-0.41456273580829794,-0.258089542095118,81.0,85.0,147.0,146.0,36.70036330428715
49049002702,0.143884801947896,-0.364393972321639,0.328375840464719,0.248867489841508,-0.5082787742695349,0.18449103851682302,0.10498268789361201,248.0,362.0,109.0,242.0,103.46134543876761
49049003104,0.737066136832494,0.856542738743866,0.322503401024196,0.478976594737377,0.119476601911372,-0.414562735808298,-0.258089542095117,76.0,80.0,141.0,139.0,35.842246953374264
49049003105,-0.129199033427555,-0.472456819520777,0.19298501650223,-0.217572893751494,-0.343257786093222,0.322184049929785,-0.08837386032393899,323.0,388.0,261.0,362.0,55.22378714527524
49035113536,0.113248224653806,0.188522391350003,0.114522396922909,-0.017619770474295,0.075274166696197,0.0012741722691029939,-0.130867995128101,255.0,209.0,323.0,313.0,53.241587754937086
49035113701,0.143228103615674,0.029456219275169,0.185546683592379,0.07943563729185,-0.113771884340505,0.04231857997670499,-0.063792466323824,249.0,267.0,271.0,288.0,16.00781059358212
49035113538,-0.011448894933454,0.088686499056694,-0.073336130343423,-0.191271873736177,0.100135393990148,-0.061887235409969,-0.179822978802723,283.0,248.0,384.0,357.0,63.250823446550214
49035110401,-0.363653300248152,0.007349860994871,-0.189514590996458,-0.626911459281637,0.371003161243023,0.174138709251694,-0.26325815903348504,390.0,273.0,410.0,446.0,74.84372607863222
49035114000,9.345230666995462,12.76223291652247,7.690001051116546,9.963522343791809,3.417002249527007,-1.6552296158789161,0.6182916767963462,1.0,1.0,1.0,1.0,0.0
49057200203,-0.66203133929537,-0.501782325149741,-0.600025634808802,-0.663842017970155,0.16024901414562898,0.06200570448656795,-0.0018106786747850157,442.0,394.0,463.0,451.0,30.24896692450835
49057200204,-0.098458528021175,-0.386169572429602,-0.153900273271753,0.1452927909091,-0.287711044408427,-0.05544174525057802,0.243751318930275,315.0,372.0,405.0,270.0,59.924953066314536
49035114100,1.103547378609328,1.543074157864105,1.37612029734999,0.836768133838489,0.439526779254777,0.27257291874066203,-0.2667792447708389,17.0,19.0,14.0,20.0,2.6457513110645907
49035112818,0.73802885706069,0.845626625902478,0.331373118636522,0.487846312349703,0.10759776884178796,-0.40665573842416797,-0.250182544710987,66.0,91.0,97.0,90.0,13.686976778431873
49057210203,-0.450830852717565,-0.968997692070233,-0.308513988599707,0.005919652593757,-0.5181668393526679,0.142316864117858,0.456750505311322,410.0,460.0,434.0,308.0,66.5432190384565
49057201301,-1.049999868011624,0.270052639810086,-3.274103797529176,0.228854339208193,1.32005250782171,-2.2241039295175518,1.278854207219817,488.0,188.0,525.0,247.0,169.2591701110066
49057210509,0.116177526086322,-0.032517291755465,0.272817714178342,-0.098666592415274,-0.148694817841787,0.15664018809202002,-0.214844118501596,253.0,280.0,197.0,343.0,60.64857788934543
49057210508,0.202452060265544,-0.082666289212108,0.259814133668443,0.173900765060192,-0.285118349477652,0.05736207340289903,-0.02855129520535199,229.0,297.0,205.0,259.0,39.71145930332956
49057210510,0.271457456295634,0.024481127929418,0.25904384249349,0.226195008771585,-0.246976328366216,-0.012413613802144008,-0.04526244752404901,210.0,270.0,206.0,248.0,30.8274769213008
49049001001,-0.111629794759082,-0.429127854033244,0.199708086020172,-0.133040713961161,-0.31749805927416197,0.311337880779254,-0.021410919202078993,319.0,382.0,257.0,351.0,53.431420219442664
49049001002,0.037397113069743,-0.227660374952904,0.130350574428315,0.063550014990785,-0.265057488022647,0.09295346135857199,0.026152901921042,272.0,331.0,313.0,290.0,25.852143689321654
49049001103,-0.343819970178345,-0.272824590487676,0.012091035887193,-0.6064288976854,0.07099537969066899,0.355911006065538,-0.262608927507055,385.0,344.0,363.0,444.0,43.36665385600631
49049001201,-0.372419957703963,-0.655820679559699,0.241808949393149,-0.531759692022509,-0.283400721855736,0.6142289070971121,-0.15933973431854592,392.0,419.0,221.0,422.0,95.95311355031686
49049001202,-0.123212584835843,-0.415649875992632,-0.00402174812138,0.026837459876647,-0.29243729115678896,0.11919083671446301,0.15005004471249,320.0,379.0,365.0,298.0,37.89898855290644
49049001300,-0.292141713455407,-0.418348289146943,0.153078823597633,-0.357715806681297,-0.12620657569153598,0.44522053705304,-0.06557409322588997,373.0,380.0,296.0,394.0,44.04070087241271
49049000707,-0.015924883866379,-0.29603939744809,0.12444646565078,0.019974038193683,-0.28011451358171097,0.14037134951715902,0.035898922060062,285.0,347.0,317.0,301.0,26.451212952654302
49049000801,-0.040337837660518,-0.359769805687439,0.174684386648242,-0.045291155171683,-0.319431968026921,0.21502222430876,-0.004953317511164998,291.0,361.0,286.0,323.0,34.62537605090617
49049000706,-0.305017204120788,-0.729306926258203,0.241899193527717,-0.353109817888905,-0.42428972213741506,0.546916397648505,-0.04809261376811702,376.0,430.0,220.0,392.0,92.4824307639024
49049001601,0.338540854872752,0.578307719810033,0.089477067534367,0.114995301376175,0.23976686493728105,-0.24906378733838497,-0.22354555349657698,187.0,131.0,332.0,282.0,90.77811777442109
49049001602,0.081598477328235,-0.067377315169085,-0.07125993027533,0.232790962676355,-0.14897579249732001,-0.152858407603565,0.15119248534812,262.0,291.0,382.0,246.0,60.758401339512986
49057210600,-1.30175908639574,-1.356130417503959,0.287303437590835,-2.148893372006519,-0.05437133110821901,1.589062523986575,-0.8471342856107791,498.0,497.0,189.0,522.0,158.75452749449383
49057210701,-0.540149142273164,-0.729837305590356,-0.522628814780695,-0.087537810349627,-0.18968816331719196,0.017520327492469012,0.45261133192353703,423.0,431.0,456.0,335.0,52.74071798272501
49057210703,0.707425768292517,0.787340817473244,0.295544607508638,0.525247578044131,0.079915049180727,-0.41188116078387904,-0.182178190248386,93.0,102.0,179.0,46.0,55.10595854049421
49049001801,0.259109079120254,0.657250613466328,-0.079028721635308,-0.004334260296785,0.39814153434607397,-0.338137800755562,-0.263443339417039,214.0,119.0,386.0,311.0,116.11632098891181
49049001803,0.23971974033961,0.452291877134068,-0.386003796821949,0.349481161967515,0.212572136794458,-0.625723537161559,0.109761421627905,219.0,149.0,442.0,208.0,128.72321727903895
49049001900,0.004100988052179,0.299141454682572,-0.006520934206804,-0.29430317778099,0.29504046663039296,-0.010621922258983,-0.29840416583316903,280.0,180.0,366.0,380.0,92.28036988800308
49049001504,0.288895574079349,0.036198801494539,0.081053298179843,0.430251356863954,-0.25269677258481,-0.20784227589950602,0.14135578278460498,202.0,264.0,336.0,168.0,73.92563831310488
49049000903,0.096606302574108,-0.474487226270874,0.326397714902805,0.23604943547868,-0.571093528844982,0.229791412328697,0.139443132904572,258.0,389.0,120.0,245.0,109.96059900406752
49049000904,0.200000123267545,-0.26496256947425,0.257325642854094,0.36622664760353,-0.464962692741795,0.057325519586548995,0.16622652433598503,230.0,343.0,209.0,199.0,66.43480513505953
49049003201,0.092753685356159,-0.066037425502779,0.176333096614734,-0.043352596555728,-0.158791110858938,0.08357941125857501,-0.136106281911887,260.0,289.0,285.0,322.0,25.468935326524086
49049002300,-0.006452990545432,-0.04163757695462,-0.227659853534459,0.130053799385243,-0.03518458640918799,-0.221206862989027,0.136506789930675,282.0,284.0,420.0,278.0,69.37819061732104
49035113905,-0.292445306942156,-0.660305424847189,0.069669540824271,-0.23788802821918,-0.36786011790503303,0.362114847766427,0.05455727872297597,374.0,420.0,343.0,371.0,31.88521078284832
49035104800,-0.825888739218625,-0.637322556156737,-0.377975660942055,-1.085434459533612,0.188566183061888,0.44791307827657006,-0.259545720314987,466.0,417.0,440.0,488.0,30.869348335633305
49035111400,-0.160972099727074,0.458250786539288,-0.070757948124399,-0.242321067126311,0.619222886266362,0.09021415160267499,-0.081348967399237,333.0,148.0,380.0,372.0,108.78840318097636
49011125414,0.093581254658193,0.208841784605779,-0.429978081232757,0.326848983375399,0.11526052994758601,-0.52355933589095,0.23326772871720602,259.0,203.0,447.0,215.0,113.25487480310358
49035112916,0.183891547260477,-0.09457041371587,0.422962680368661,0.180180920250319,-0.278461960976347,0.23907113310818404,-0.0037106270101579797,237.0,303.0,41.0,256.0,115.5461668194435
49035112918,-0.306975493670006,-0.386740918747522,0.595075679740709,-0.713025499458745,-0.079765425077516,0.902051173410715,-0.40605000578873907,377.0,373.0,27.0,457.0,191.61332591097798
49035113007,0.623101535029714,0.550706981571751,0.315836997333729,0.531429722955214,-0.07239455345796297,-0.307264537695985,-0.09167181207450004,112.0,136.0,156.0,40.0,50.635955604688654
49035113008,0.646261775576559,0.606804975777996,0.304826823967014,0.555545419191552,-0.03945679979856298,-0.34143495160954496,-0.09071635638500697,108.0,127.0,171.0,35.0,56.682595800357156
49035113406,-0.356023460421105,-0.366434130623157,0.054513266840503,-0.546168469647539,-0.010410670202051997,0.410536727261608,-0.19014500922643396,387.0,363.0,352.0,427.0,33.22022476343791
49035113408,0.204317619920565,-0.01808259473514,0.199794083613495,0.217753575039468,-0.222400214655705,-0.004523536307070003,0.013435955118902998,228.0,278.0,256.0,250.0,20.558858593479034
49035113409,-0.082790364240261,-0.55424638699659,0.101882721099392,0.15122388452131,-0.47145602275632903,0.184673085339653,0.234014248761571,307.0,403.0,327.0,266.0,57.418783221753024
49035113410,-0.839823459457837,-0.891430759029492,-0.017935017428585,-1.125598267303134,-0.051607299571654996,0.821888442029252,-0.28577480784529696,468.0,452.0,369.0,491.0,53.135048069361275
49035113411,-0.083659053761582,0.121389600386844,-0.357214764378679,-0.012826898775799,0.205048654148426,-0.273555710617097,0.070832154985783,308.0,235.0,436.0,312.0,83.38415117195034
49011127002,-0.548467330046867,-0.078735057083068,-0.991739000035273,-0.297905112965299,0.469732272963799,-0.44327166998840606,0.250562217081568,427.0,295.0,483.0,381.0,79.48794457861729
49035113010,-0.40005613432709,-0.952673072976335,0.312866228170493,-0.439100712711559,-0.552616938649245,0.7129223624975829,-0.03904457838446901,398.0,459.0,159.0,410.0,134.28452380424682
49035113412,0.130981878318022,0.072652213702998,0.189061191947906,-0.024196463728419,-0.05832966461502399,0.058079313629884,-0.155178342046441,250.0,252.0,266.0,316.0,30.83288287959247
49035113413,-0.605956776148454,-1.015008660281232,0.091857975489826,-0.593343638076981,-0.40905188413277804,0.69781475163828,0.012613138071473018,435.0,462.0,331.0,441.0,58.653644388051454
49035113505,-0.728786685500561,-1.001247180454583,0.184291319864532,-0.95449112194531,-0.272460494954022,0.9130780053650931,-0.22570443644474902,453.0,461.0,274.0,481.0,96.2232646851408
49035113509,-0.280162383578092,-0.21256408185634,-0.368190844270197,-0.088826195802615,0.06759830172175199,-0.08802846069210502,0.19133618777547698,369.0,327.0,438.0,338.0,49.93996395673509
49011126500,-0.99597269798236,-1.105332767421146,-1.00747204413015,-0.529788142602692,-0.10936006943878596,-0.011499346147789913,0.46618455537966796,481.0,473.0,484.0,421.0,29.53387885124472
49011126600,-1.031255913145905,-0.524950659683706,-1.028756657453067,-1.120909876109246,0.5063052534621989,0.0024992556928378207,-0.08965396296334105,485.0,397.0,485.0,490.0,44.89524844939978
49011126700,-0.670044565183519,-0.486175613909113,-0.872178718368351,-0.405529331052063,0.18386895127440595,-0.20213415318483208,0.26451523413145595,444.0,391.0,476.0,404.0,38.74166577041657
49011126801,-0.064886976068207,-0.067010242803669,-0.428460921414314,0.16075165965568,-0.0021232667354620094,-0.36357394534610704,0.22563863572388698,299.0,290.0,445.0,261.0,82.44341493816633
49011125102,-0.859923729785221,-1.842624063034836,-0.237743482706965,-0.208397146202153,-0.982700333249615,0.622180247078256,0.651526583583068,471.0,518.0,422.0,360.0,67.67261878583784
49011126305,-0.798547168227451,-0.453245664808862,-1.466684643955091,-0.233667535068563,0.34530150341858895,-0.6681374757276399,0.564879633158888,462.0,384.0,502.0,368.0,63.67626454705604
49011125104,0.439277670508994,0.216888116308079,0.330748273315692,0.380866039060586,-0.22238955420091502,-0.10852939719330201,-0.058411631448408,149.0,201.0,100.0,192.0,46.27814458971607
49011126303,-2.330242024624746,-1.290462976882759,-3.030412882067842,-1.605365874829049,1.039779047741987,-0.700170857443096,0.724876149795697,525.0,491.0,524.0,512.0,15.811388300841896
49011125805,-1.41670355846579,-0.943224807399018,-0.02295969226403,-2.415866402776965,0.47347875106677206,1.39374386620176,-0.9991628443111749,504.0,458.0,372.0,525.0,67.86935980249113
49011126404,-0.097440827693444,0.169837451033517,-0.18809923420414,-0.2880436094565,0.26727827872696097,-0.09065840651069598,-0.19060278176305598,313.0,220.0,409.0,377.0,83.34416596259153
49035113510,-0.782160070881822,-0.160761891156198,-0.383523239921263,-1.40297998737109,0.6213981797256241,0.398636830960559,-0.6208199164892679,460.0,317.0,441.0,505.0,80.44200809693072
49035113511,-0.240747025776572,-0.246998383649213,-0.429213756934454,0.015028427091053,-0.006251357872641,-0.188466731157882,0.255775452867625,363.0,338.0,446.0,305.0,60.21627686929839
49011126802,0.610418038176261,0.566452380202684,0.288196784902083,0.49331953423104,-0.04396565797357699,-0.32222125327417794,-0.11709850394522092,115.0,132.0,188.0,75.0,46.87927758260217
49011126901,-1.963907497383258,-1.447966630408688,-1.649672826790126,-1.857602202144694,0.51594086697457,0.31423467059313204,0.10630529523856391,522.0,502.0,509.0,519.0,9.201449161228174
49011126902,-1.793032224854615,-1.627843243257716,-1.167567076347084,-1.743360482640453,0.1651889815968992,0.6254651485075311,0.04967174221416215,515.0,508.0,495.0,516.0,9.678154093971983
49049003301,0.340722260366135,0.327575991091816,0.236640294183797,0.111051663605287,-0.013146269274319,-0.104081966182338,-0.229670596760848,184.0,169.0,227.0,283.0,51.12973694436536
49049002212,-0.187075925063972,-1.079407580951787,0.338483128839462,0.176785862274104,-0.8923316558878149,0.525559053903434,0.363861787338076,345.0,469.0,80.0,257.0,163.53873139616397
49049000510,0.316942510513842,0.160651684873123,0.183154983272133,0.27499547446167,-0.15629082564071897,-0.13378752724170898,-0.04194703605217198,194.0,225.0,276.0,235.0,33.84769809996932
49049010307,0.661407286003323,0.762250661743373,0.223986686509559,0.482624027092171,0.10084337574004998,-0.437420599493764,-0.178783258911152,102.0,107.0,238.0,113.0,65.48791237065561
49049010114,0.738949652074503,0.858426253985875,0.324386916266205,0.480860109979385,0.119476601911372,-0.414562735808298,-0.25808954209511803,63.0,68.0,128.0,122.0,34.5
49049010130,0.741943066897321,0.861419668808693,0.327380331089023,0.483853524802203,0.119476601911372,-0.41456273580829806,-0.25808954209511803,53.0,60.0,114.0,109.0,31.94787421201396
49049010128,-0.095505271662713,-0.592352716116494,0.319548240807596,-0.041058330918819,-0.496847444453781,0.41505351247030897,0.054446940743894,312.0,410.0,154.0,320.0,106.38922251180645
49049002211,0.566082258021046,0.635420950429057,0.148554122662369,0.478730856921797,0.06933869240801105,-0.41752813535867694,-0.08735140109924894,123.0,121.0,298.0,142.0,85.19389649499546
49049010119,0.460732664270197,0.182791754665156,0.32798656136426,0.458498760715135,-0.27794090960504103,-0.13274610290593697,-0.002233903555061978,145.0,214.0,110.0,158.0,43.215545042650255
49049000803,0.397643171430357,0.291025531284513,0.307462887561832,0.246864154924083,-0.10661764014584402,-0.090180283868525,-0.15077901650627398,166.0,186.0,169.0,243.0,35.76776947662984
49049000804,0.346692596223596,0.104803870514555,0.282105903081334,0.386921442536827,-0.241888725709041,-0.06458669314226201,0.04022884631323098,182.0,240.0,194.0,186.0,26.801741236966926
49049003405,-0.16797641770215,-0.512673716296095,0.203924843864772,-0.275595149216832,-0.34469729859394505,0.371901261566922,-0.10761873151468199,335.0,396.0,254.0,375.0,62.66843969123001
49049980300,-0.797932277912707,-1.067297001145941,0.352015086279633,-1.148003563459689,-0.269364723233234,1.1499473641923401,-0.35007128554698197,461.0,467.0,57.0,492.0,208.59909715368698
49049980500,-0.586733658890966,-1.364540706706432,-0.290165113156428,0.020238002538769,-0.777807047815466,0.29656854573453795,0.6069716614297349,432.0,499.0,431.0,300.0,83.31666499966659
49049010221,0.278104906975725,0.185045784462633,0.185262523727178,0.155214786555746,-0.09305912251309198,-0.09284238324854699,-0.12289012041997899,207.0,213.0,272.0,264.0,33.734255586866
49049010222,0.716298347120689,0.808295467796347,0.311857976956783,0.492087406744185,0.09199712067565802,-0.40444037016390594,-0.22421094037650396,90.0,100.0,163.0,80.0,37.40209441550923
49049010129,0.640629509766836,0.467564257714871,0.472172755683696,0.624420778516939,-0.173065252051965,-0.16845675408313998,-0.016208731249896968,109.0,145.0,36.0,29.0,56.576644179967644
49049010122,0.584598692429266,0.462952592175929,0.33053628220869,0.487009475921871,-0.121646100253337,-0.25406241022057596,-0.097589216507395,118.0,146.0,103.0,97.0,21.863211109075447
49049010127,0.741301025528405,0.860777627439777,0.326738289720107,0.483211483433288,0.119476601911372,-0.41456273580829806,-0.25808954209511703,56.0,62.0,117.0,111.0,31.942656954820357
49049010126,0.739074457020578,0.853832694137313,0.327652442011201,0.484125635724382,0.11475823711673505,-0.411422015009377,-0.25494882129619595,62.0,90.0,113.0,108.0,23.05609102457165
49049010124,0.461715482033104,0.178986967706043,0.332156188621964,0.462668387972838,-0.282728514327061,-0.12955929341113998,0.0009529059397340167,144.0,216.0,96.0,157.0,49.378639106399035
49049010308,0.568000028830315,0.544442930275434,0.210484320118075,0.477618156566987,-0.023557098554880973,-0.35751570871224,-0.090381872263328,122.0,137.0,247.0,151.0,56.42325170825706
49049002002,0.422522261307562,0.220464385582703,0.236214923950108,0.424882021081337,-0.20205787572485898,-0.18630733735745397,0.0023597597737750053,159.0,200.0,228.0,170.0,31.10600156454271
49049002001,0.125694554509254,0.185242730478176,-0.13974088702819,0.137778210185143,0.05954817596892201,-0.265435441537444,0.01208365567588901,251.0,212.0,398.0,272.0,80.43786421828963
49035110105,0.646920011797781,0.61348612457288,0.330525104835861,0.495930009108649,-0.03343388722490104,-0.31639490696192,-0.15099000268913204,107.0,124.0,104.0,72.0,21.700614430625386
49035104000,-0.23657356766825,-0.074822026176941,-0.021039157421921,-0.537426228999098,0.161751541491309,0.215534410246329,-0.300852661330848,362.0,294.0,370.0,424.0,53.32604116814473
49057200100,-0.46059563052176,-0.830583995640977,0.058501539617189,-0.513292809251569,-0.36998836511921696,0.519097170138949,-0.05269717872980895,412.0,444.0,349.0,418.0,40.30198506277327
49057201900,-2.020118301518335,-2.740886443507993,-0.013213546758914,-2.340172927215581,-0.7207681419896583,2.0069047547594208,-0.3200546256972463,523.0,526.0,367.0,524.0,78.67655305108377
49057211202,-1.030266410389279,-1.552911752753179,-0.23154530300869,-0.869246143020452,-0.5226453423639001,0.7987211073805889,0.1610202673688269,484.0,506.0,421.0,478.0,36.22499137335991
49057200600,-0.175031843492349,-0.693906466347781,0.24542346123795,-0.123220253683074,-0.518874622855432,0.420455304730299,0.051811589809274985,340.0,422.0,215.0,346.0,85.71804555245839
49057200202,-1.28584901605785,-0.574932201007903,-0.966805816175303,-1.70679553403106,0.710916815049947,0.3190431998825469,-0.42094651797321014,497.0,405.0,481.0,514.0,48.09279225275516
49057201500,-1.593491868343285,-1.200593326796147,-0.975565791610234,-1.870017317997686,0.392898541547138,0.617926076733051,-0.27652544965440096,508.0,482.0,482.0,520.0,19.113694915775266
49057211201,0.161876810248237,-0.378404122406971,0.305815735507531,0.339860756417802,-0.540280932655208,0.143938925259294,0.177983946169565,241.0,367.0,170.0,212.0,84.83120495037974
49057200400,-1.366206581279,-0.148593740637119,-1.740456039582033,-1.375618883212818,1.2176128406418811,-0.3742494583030329,-0.009412301933817924,501.0,314.0,511.0,502.0,95.43933500746255
49057200700,0.145836318105743,-0.221562708094426,0.142435821154153,0.298701442189349,-0.36739902620016895,-0.003400496951590004,0.15286512408360603,247.0,330.0,301.0,226.0,47.89572005931219
49057200800,-0.947186703117619,-0.470371310540951,-1.480050088344047,-0.497539651474416,0.476815392576668,-0.5328633852264281,0.449647051643203,478.0,387.0,503.0,416.0,53.70909296075169
49057200900,-2.171006057512336,-0.120837114780203,-4.587989476536331,-0.797254461799418,2.050168942732133,-2.4169834190239947,1.373751595712918,524.0,308.0,531.0,469.0,103.77218638280041
49057201200,-1.718193402776135,0.196844088625272,-3.490557949179523,-1.007746648847333,1.915037491401407,-1.772364546403388,0.710446753928802,513.0,204.0,526.0,486.0,153.07596153544162
49057201400,-0.108461842295507,-0.261479057374034,-0.202150378780301,0.059159958975761,-0.153017215078527,-0.09368853648479401,0.167621801271268,318.0,341.0,415.0,292.0,52.93077239816803
49057201600,-0.618750161589061,-0.329037039758004,-1.127373293773703,-0.172050615335687,0.289713121831057,-0.5086231321846421,0.44669954625337405,437.0,355.0,489.0,355.0,65.86855597830171
49057201700,-0.967932614311793,-0.056784301853202,-2.767834389845094,0.250552281589284,0.911148312458591,-1.799901775533301,1.218484895901077,479.0,287.0,523.0,241.0,139.27789965867998
49057201800,-1.505496066422591,-0.254911118384103,-2.671224776750799,-0.884158355392059,1.2505849480384879,-1.165728710328208,0.6213377110305319,507.0,339.0,522.0,480.0,83.8212383587835
49057210201,-0.672055388949954,-1.346824379127662,-0.125088051545945,-0.346694379638898,-0.674768990177708,0.5469673374040089,0.325361009311056,447.0,495.0,396.0,390.0,49.17316341257699
49049000601,-0.432485655682737,-1.169785091555942,0.062162236833678,-0.089817287607285,-0.737299435873205,0.494647892516415,0.342668368075452,406.0,477.0,346.0,339.0,64.15086385492664
49049000203,-0.084674077761242,-0.621772740533607,0.10075411802943,0.146643680047409,-0.537098662772365,0.185428195790672,0.231317757808651,309.0,413.0,328.0,269.0,60.703514450702656
49011127003,0.822113691443103,0.884253993940513,0.438677564154354,0.615924151747517,0.06214030249740998,-0.383436127288749,-0.20618953969558595,20.0,35.0,37.0,31.0,7.58836829188814
49011125305,-0.863435312731999,-1.653761912034376,-0.201058280690834,-0.414213185822236,-0.790326599302377,0.662377032041165,0.44922212690976304,472.0,511.0,414.0,406.0,49.78202486842013
49011126402,0.741322866513448,0.870619481777627,0.310061321445213,0.496640801863571,0.12929661526417902,-0.43126154506823505,-0.24468206464987702,55.0,44.0,165.0,69.0,55.451931135594066
49011126204,-3.242015618959652,-1.983584756452927,-2.284284642009297,-3.765156309072754,1.2584308625067249,0.957730976950355,-0.5231406901131019,529.0,519.0,518.0,529.0,6.075908711186061
49011125103,0.740469299702498,0.863095402892505,0.320969441842255,0.48590109517899,0.122626103190007,-0.41949985786024296,-0.254568204523508,59.0,56.0,152.0,101.0,44.96665431183423
49011125301,-1.869312294331594,-1.273738209088525,-1.548230278236871,-1.896962875102446,0.5955740852430691,0.321082016094723,-0.02765058077085203,518.0,488.0,505.0,521.0,15.033296378372908
49011126101,-2.460358402781176,-2.026807974614209,-1.233345629235523,-2.907780232720828,0.43355042816696665,1.2270127735456529,-0.4474218299396524,527.0,520.0,497.0,527.0,14.221462653327892
49035111906,-0.384596075635563,0.256402474115966,-0.747960348292381,-0.516981036061881,0.6409985497515289,-0.36336427265681803,-0.13238496042631798,394.0,190.0,468.0,419.0,122.42106300251875
49011125304,-0.36389976821154,-1.131287094767229,-0.165285784512903,0.267921747509401,-0.7673873265556891,0.19861398369863703,0.631821515720941,391.0,474.0,406.0,237.0,100.07663730028769
49035115107,0.737081076666191,0.856557678577564,0.322518340857893,0.478991534571074,0.11947660191137299,-0.41456273580829806,-0.25808954209511703,75.0,79.0,140.0,138.0,35.842246953374264
49035112831,0.750735660288138,0.87021226219951,0.33617292447984,0.49264611819302,0.119476601911372,-0.414562735808298,-0.258089542095118,40.0,47.0,85.0,79.0,22.544400635190993
49035113544,0.223135012315056,0.299538779884401,0.071813456876527,0.038704858234666,0.07640376756934497,-0.151321555438529,-0.18443015408039,223.0,179.0,342.0,295.0,72.75243409444572
49035113025,0.742294760563066,0.861771362474438,0.327732024754768,0.484205218467949,0.119476601911372,-0.414562735808298,-0.258089542095117,52.0,59.0,112.0,107.0,31.374086972106987
49035113024,0.765314507477803,0.884791109389175,0.350751771669505,0.507224965382686,0.119476601911372,-0.41456273580829806,-0.25808954209511703,27.0,33.0,59.0,55.0,15.864005379054392
49049002400,0.050380742059045,0.660822174527477,0.079633531965635,-0.472147554587698,0.6104414324684321,0.02925278990659,-0.522528296646743,265.0,118.0,338.0,413.0,125.79480646407201
49049003203,0.34201491743745,0.192097639554348,0.19297482921113,0.292715905944488,-0.149917277883102,-0.14904008822632,-0.04929901149296201,183.0,208.0,262.0,229.0,33.45145736735546
49049003403,-0.515254212491509,-1.326502900256551,0.350484858181737,-0.394944138056417,-0.8112486877650419,0.8657390706732461,0.12031007443509206,418.0,494.0,61.0,400.0,192.5259722738727
49035113311,-0.107409827577486,-0.63860206818844,0.31091350633491,0.352904801687904,-0.531192240610954,0.418323333912396,0.46031462926539,317.0,418.0,164.0,207.0,114.23513761827692
49035110106,-1.247520051421168,-3.339284007783915,0.479403068943189,-0.330732525336941,-2.091763956362747,1.726923120364357,0.916787526084227,496.0,530.0,35.0,387.0,226.3728487841832
49035114601,0.699572330844428,0.762054977980704,0.312683715971671,0.498865217176462,0.06248264713627594,-0.38688861487275705,-0.20070711366796606,94.0,108.0,160.0,66.0,39.41235001028654
49035112826,0.748898490662574,0.868375092573946,0.334335754854276,0.490808948567456,0.119476601911372,-0.41456273580829794,-0.258089542095118,42.0,50.0,88.0,84.0,23.38090388900024
49035113313,0.039590683689637,0.349786823940062,-0.516268249257323,0.15965260665473,0.31019614025042497,-0.55585893294696,0.120061922965093,270.0,164.0,454.0,263.0,120.9417904062391
49035113415,0.466762567674005,0.159104676938203,0.350134952629633,0.564655626792246,-0.30765789073580196,-0.11662761504437197,0.09789305911824103,140.0,226.0,62.0,34.0,86.24577284327235
49035113414,-0.218098198619849,-0.936645247067687,0.153815997406818,0.160289256756885,-0.718547048447838,0.371914196026667,0.378387455376734,358.0,455.0,294.0,262.0,85.10532689947597
49035111108,-0.127022431400235,-0.392802622630911,-0.103510357524754,0.018037350245512,-0.265780191230676,0.023512073875481,0.145059781645747,321.0,377.0,391.0,303.0,42.598904524255865
49035101401,0.184546439790808,1.19261684969594,-0.933106256962211,0.547382765089071,1.0080704099051319,-1.117652696753019,0.36283632529826304,235.0,23.0,480.0,37.0,213.98344951576667
49035114301,0.284589224921937,0.157726269815846,0.099503840406838,0.313235017363172,-0.126862955106091,-0.18508538451509898,0.028645792441234996,204.0,228.0,330.0,220.0,57.21013896155121
49035112621,-0.638085999155629,-0.940176631953376,1.036087119707754,-1.220406202350697,-0.30209063279774695,1.6741731188633828,-0.5823202031950679,439.0,457.0,16.0,495.0,225.0472172678436
49035102502,0.656427692799646,3.150708892337545,-2.257915749612968,1.999315079552947,2.494281199537899,-2.914343442412614,1.342887386753301,103.0,6.0,517.0,8.0,243.24815860899474
49035102501,2.166248187858194,5.151594898840985,-1.127131218537123,3.766413828853421,2.985346710982791,-3.293379406395317,1.6001656409952272,5.0,3.0,488.0,3.0,242.16850194303416
49035113908,-0.259062180900678,-0.53388539520258,-0.153237344624674,-0.120706543853365,-0.27482321430190204,0.105824836276004,0.13835563704731302,366.0,399.0,404.0,345.0,27.982137159266443
49035115210,-0.147761079119943,-1.352819976706209,0.600046007656513,0.400196788091584,-1.205058897586266,0.7478070867764559,0.547957867211527,329.0,496.0,25.0,179.0,201.83553535820528
49035115211,0.419071082612575,0.049802467613291,0.435182435987679,0.479291303700224,-0.369268614999284,0.016111353375104,0.06022022108764902,160.0,262.0,38.0,134.0,92.07786559935745
49035113021,0.757305684033836,0.876782285945209,0.342742948225538,0.499216141938719,0.11947660191137299,-0.414562735808298,-0.25808954209511703,34.0,39.0,74.0,65.0,19.510680835549195
49035113022,0.784992482562574,0.907465781850196,0.365744591494674,0.529947950878212,0.12247329928762196,-0.41924789106790006,-0.25504453168436203,22.0,29.0,49.0,41.0,12.065791865158845
49035101402,6.458926163539699,9.297219040784231,7.49837192599567,4.628369657462941,2.838292877244532,1.039445762455971,-1.830556506076758,2.0,2.0,2.0,2.0,0.0
49035113909,0.670872148296422,0.785123367812069,0.217189204570272,0.495345543785276,0.11425121951564698,-0.45368294372615003,-0.17552660451114604,100.0,104.0,244.0,73.0,77.0730173277263
49035111106,-0.21878756781294,-0.333549770353736,-0.19252094592815,-0.153758980273746,-0.114762202540796,0.02626662188479001,0.06502858753919402,359.0,358.0,411.0,353.0,27.29316153666824
49035111107,0.002702676082848,-0.202762251804079,-0.028934161563665,0.081920129477225,-0.205464927886927,-0.031636837646513,0.07921745339437701,281.0,324.0,375.0,287.0,43.23867867238005
49035111109,0.023641232690124,-0.23254506966348,0.120635896277682,0.027240796294124,-0.256186302353604,0.096994663587558,0.0035995636039999994,276.0,333.0,319.0,297.0,25.024987512484397
49035112405,0.896725115716155,0.835599572145457,1.614180415811667,0.529241108264056,-0.06112554357069799,0.7174553000955121,-0.36748400745209897,18.0,95.0,9.0,42.0,38.600518131237564
49035112406,-0.160567020239329,-0.052432669392022,0.633515343457183,-0.782558602362938,0.108134350847307,0.794082363696512,-0.6219915821236089,332.0,286.0,23.0,467.0,185.9408508101434
49035112102,-0.570290038509375,-1.240802531434241,0.025229307667785,-0.125064187562,-0.670512492924866,0.59551934617716,0.445225850947375,431.0,484.0,362.0,348.0,63.26860727617344
49035114302,0.18724176737787,0.061841058204709,0.181514276146792,0.093625337674977,-0.12540070917316098,-0.005727491231077991,-0.093616429702893,234.0,257.0,279.0,284.0,22.89832599412746
49035111105,-0.449730505051453,-0.456117782971569,-0.215280458002415,-0.559443596448836,-0.006387277920116008,0.23445004704903802,-0.109713091397383,409.0,385.0,417.0,431.0,19.27865832122834
49035113805,0.11100752120485,0.029031850144445,0.182717085213812,0.029513737166092,-0.081975671060405,0.071709564008962,-0.081493784038758,256.0,268.0,277.0,296.0,16.859715300087366
49035980100,-0.012602339572661,-0.087471341599276,0.011556359644808,-0.065085522009383,-0.07486900202661499,0.024158699217469,-0.052483182436722,284.0,300.0,364.0,329.0,35.169826082405734
49049010115,0.737671946515083,0.857148548426456,0.323109210706786,0.479582404419966,0.11947660191137299,-0.41456273580829706,-0.25808954209511703,69.0,73.0,134.0,130.0,35.29400326778852
49049000511,-0.057939461832283,-0.215458188863215,0.153778681029756,-0.222633866362333,-0.157518727030932,0.211718142862039,-0.16469440453005002,295.0,329.0,295.0,364.0,32.98863440641337
49049002209,-0.022534117880196,-0.806594264802536,0.332219525169392,0.356831212614134,-0.78406014692234,0.354753643049588,0.37936533049432997,286.0,439.0,95.0,205.0,144.8110838299334
49049010223,0.438209605336653,0.182465648383896,0.324826776737119,0.404493212842324,-0.255743956952757,-0.11338282859953397,-0.033716392494329006,151.0,215.0,127.0,177.0,37.67846422914112
49049010224,0.737402150448824,0.856878752360196,0.322839414640526,0.479312608353707,0.119476601911372,-0.41456273580829794,-0.258089542095117,72.0,76.0,137.0,133.0,35.29400326778852
49049980400,0.600643374388413,0.606883436511333,0.228275007230969,0.479007615808098,0.006240062122920054,-0.372368367157444,-0.121635758580315,116.0,126.0,235.0,137.0,55.0060602721797
49049002703,0.337454994968892,0.117578237690808,0.226905696665266,0.323339079159155,-0.21987675727808398,-0.11054929830362598,-0.014115915809736979,189.0,236.0,236.0,218.0,22.18670773233379
49049980200,0.558413278983046,0.530317431553909,0.257622599382573,0.442070476239589,-0.028095847429137066,-0.30079067960047307,-0.11634280274345704,124.0,139.0,208.0,165.0,36.796738985948195
49049010306,-0.205775124262712,-0.832975407202214,0.24420125084977,-0.085543426746272,-0.627200282939502,0.449976375112482,0.12023169751644,353.0,445.0,217.0,334.0,93.68164174479438
49049002210,0.283095958193495,0.527228566531837,0.253786014323358,-0.042556440892852,0.24413260833834205,-0.029309943870136967,-0.32565239908634697,205.0,140.0,212.0,321.0,75.0311046611115
49049010123,-0.170493781782797,-1.377800091286264,0.349941852058464,0.428532062684726,-1.207306309503467,0.520435633841261,0.5990258444675229,338.0,500.0,63.0,169.0,191.96266998212613
49049010121,0.41704901589053,0.060064239015802,0.336917479421525,0.467429678772399,-0.356984776874728,-0.080131536469005,0.05038066288186899,161.0,258.0,82.0,152.0,72.36654383530187
49049010116,0.737727725263047,0.85720432717442,0.323164989454749,0.47963818316793,0.11947660191137299,-0.414562735808298,-0.258089542095117,68.0,72.0,133.0,129.0,35.29400326778852
49049010117,0.735929564607027,0.855406166518399,0.321366828798729,0.477840022511909,0.119476601911372,-0.41456273580829794,-0.258089542095118,84.0,88.0,150.0,149.0,36.70036330428715
49049010226,-0.077727142926818,-0.925951991371424,0.341301048863596,0.213817642809823,-0.848224848444606,0.419028191790414,0.291544785736641,306.0,454.0,75.0,252.0,156.5127790309788
49049001403,0.234517464727945,0.474551952577609,0.120412982690415,-0.054153093250682,0.24003448784966402,-0.11410448203752999,-0.288670557978627,220.0,143.0,320.0,326.0,87.56854458080252
49049002208,-0.414681040866276,-1.250769027774614,0.394061013699293,-0.331342040952784,-0.836087986908338,0.808742054565569,0.08333899991349197,402.0,486.0,44.0,388.0,195.51641022345584
49049000207,-0.102353933706525,-0.552990274652392,0.379574164400374,-0.093374854990671,-0.450636340945867,0.481928098106899,0.008979078715854003,316.0,402.0,46.0,341.0,157.6924749842765
49049003302,0.463785269890808,0.339536776458771,0.226289763078999,0.412233064848161,-0.12424849343203698,-0.23749550681180898,-0.05155220504264696,142.0,167.0,237.0,174.0,40.40627014049511
49049010120,0.373344445332536,-0.067871589414561,0.349280397290829,0.479792596641703,-0.44121603474709703,-0.02406404804170703,0.10644815130916696,173.0,293.0,65.0,128.0,96.2925230742242
49049980600,0.529895915230892,0.423477923494873,0.315561697418958,0.400021500873078,-0.10641799173601896,-0.21433421781193396,-0.129874414357814,129.0,156.0,157.0,180.0,20.85665361461421
49049002101,-0.249491197373662,-0.660792787145469,0.037967921440955,-0.166514572843273,-0.411301589771807,0.287459118814617,0.08297662453038898,364.0,421.0,356.0,354.0,31.79491573611521
49049002102,0.259311750005237,0.022907123776911,0.046771903743599,0.400423948909072,-0.23640462622832598,-0.212539846261638,0.14111219890383503,213.0,271.0,354.0,178.0,76.91120421195687
49035114500,-6.547511186916701,-9.729540755264305,-0.193294823872259,-5.857061423813596,-3.1820295683476036,6.354216363044442,0.6904497631031052,531.0,531.0,412.0,531.0,59.5
49035113804,0.166462545646784,0.051072159217821,-0.033106723472689,0.304404166738033,-0.115390386428963,-0.199569269119473,0.137941621091249,240.0,261.0,376.0,222.0,69.35596585730747
49035114304,-0.17855260929483,-0.840341274573178,0.431771846310913,-0.15028799413618,-0.661788665278348,0.610324455605743,0.028264615158650003,343.0,446.0,40.0,352.0,176.4263302344636
49035112824,-0.093040168711347,-0.001483666191754,0.431802647170122,-0.552871320356753,0.091556502519593,0.524842815881469,-0.459831151645406,311.0,275.0,39.0,428.0,163.1448742682405
49035112620,0.464158497023645,0.166706638691634,0.208551496324849,0.711699017863986,-0.297451858332011,-0.25560700069879594,0.24754052084034106,141.0,221.0,249.0,23.0,101.26368220311433
49035112825,-1.653353622856299,-3.316076217818349,0.902394063005109,-1.352884929514416,-1.6627225949620499,2.555747685861408,0.300468693341883,509.0,529.0,18.0,498.0,247.33310871508218
49035112101,1.399279045864629,2.365931035459187,2.071370757401245,0.738124514364929,0.966651989594558,0.6720917115366163,-0.6611545314996999,10.0,10.0,6.0,22.0,6.928203230275509
49035111602,-0.193461529717961,-0.199396949903821,0.354155221674137,-0.382273093006943,-0.005935420185860019,0.547616751392098,-0.18881156328898202,348.0,323.0,54.0,397.0,154.0962902430382
49035112827,0.784172578341963,0.903591011229011,0.369648562020712,0.526121755733893,0.11941843288704801,-0.41452401632125097,-0.25805082260807,23.0,30.0,48.0,45.0,11.958260743101398
49011126107,0.554252647651396,0.46040212584999,0.301266203124886,0.450512796009728,-0.09385052180140602,-0.25298644452651003,-0.10373985164166805,126.0,147.0,173.0,162.0,20.346989949375804
49011126206,-0.163346761739868,0.447905291468035,-0.54027041757918,-0.095201483018453,0.611252053207903,-0.37692365583931203,0.068145278721415,334.0,150.0,459.0,342.0,127.66459963513769
49011980000,-0.405941762933466,0.192487554872729,-1.868541244276896,0.513175067159004,0.598429317806195,-1.46259948134343,0.9191168300924699,399.0,207.0,513.0,48.0,205.7917636835838
49011126108,0.751036029667312,0.870512631578685,0.336473293859014,0.492946487572195,0.11947660191137299,-0.414562735808298,-0.258089542095117,38.0,45.0,83.0,77.0,22.544400635190993
49011125411,0.748674929461152,0.868151531372524,0.334112193652854,0.490585387366035,0.119476601911372,-0.414562735808298,-0.258089542095117,44.0,52.0,90.0,86.0,23.38090388900024
49011125408,0.749254039135113,0.868730641046485,0.334691303326815,0.491164497039995,0.119476601911372,-0.414562735808298,-0.25808954209511803,41.0,49.0,86.0,83.0,23.070543990118654
49011127005,0.763020212968213,0.882496814879586,0.348457477159915,0.504930670873096,0.11947660191137299,-0.414562735808298,-0.25808954209511703,30.0,37.0,66.0,58.0,17.017148213885115
49011125415,0.552502875361464,0.553557138340188,0.235320558950175,0.439465346473367,0.0010542629787240188,-0.317182316411289,-0.11303752888809704,127.0,133.0,230.0,166.0,47.22287581247038
49011125201,0.638634003201457,0.796622460927401,0.133270953061501,0.485728089618225,0.15798845772594394,-0.505363050139956,-0.15290591358323202,110.0,101.0,310.0,102.0,102.91217938935442
49011125413,0.460030117577676,0.30180130469647,0.309143637579942,0.382425617803374,-0.158228812881206,-0.15088647999773397,-0.077604499774302,146.0,177.0,167.0,191.0,18.9274932307477
49011126205,-0.19825871905881,0.113198987644813,-1.131307104580349,0.499742703643944,0.311457706703623,-0.9330483855215391,0.698001422702754,350.0,239.0,491.0,62.0,181.20430458463176
49011125809,-0.345548716590817,-0.307108287466297,0.151986132796028,-0.814984763976115,0.038440429124520004,0.497534849386845,-0.469436047385298,386.0,349.0,297.0,473.0,74.1142136615283
49011125810,-0.191538085294499,0.128203241984483,-0.086180252781712,-0.562718154169872,0.31974132727898197,0.105357832512787,-0.371180068875373,346.0,233.0,388.0,432.0,85.386864719737
49011126106,0.315548029607162,0.320749063283269,-0.245899645153698,0.614727842849724,0.005201033676107025,-0.56144767476086,0.29917981324256204,195.0,173.0,426.0,32.0,163.1819025913515
49011125307,0.338583395973472,0.024978530718083,0.311878958602675,0.349186403084217,-0.313604865255389,-0.026704437370796974,0.010603007110745022,186.0,269.0,161.0,209.0,46.19794367718113
49011125306,0.352453436092333,0.053761507400735,0.296929255283589,0.365315370493444,-0.298691928691598,-0.055524180808743995,0.012861934401110997,179.0,260.0,178.0,200.0,38.52596527019148
49011125407,-0.388744306459665,-1.045316784088871,0.327113450877304,-0.377445572545292,-0.6565724776292061,0.715857757336969,0.011298733914373027,395.0,463.0,115.0,395.0,154.69109002568095
49011125409,0.042508773625485,-0.496382336220941,0.309556147540249,0.147681084029337,-0.538891109846426,0.267047373914764,0.105172310403852,268.0,392.0,166.0,267.0,92.50360353341196
49011127006,0.311095644258469,0.315289206691046,-0.207899863257444,0.631236116655405,0.004193562432577014,-0.518995507515913,0.32014047239693605,196.0,175.0,416.0,28.0,160.02577917323197
49011125410,0.709803414632513,0.816158563776236,0.293111506153147,0.481302922500902,0.10635514914372302,-0.41669190847936594,-0.22850049213161094,91.0,98.0,185.0,121.0,42.797001452594
49011125412,0.409328485794005,0.32341871449825,0.249271276175091,0.284539862957254,-0.085909771295755,-0.16005720961891398,-0.12478862283675102,165.0,172.0,213.0,233.0,32.633060945407294
49035113101,-0.41258197119373,-1.177180302544381,0.538782930574326,-0.302507982360757,-0.764598331350651,0.9513649017680561,0.11007398883297304,401.0,479.0,32.0,382.0,198.8139834116303
49035113102,0.067429868884955,-0.422588913168734,0.488723723148023,0.120012771692972,-0.490018782053689,0.421293854263068,0.052582902808017,264.0,381.0,34.0,280.0,146.62054198963162
49035113528,-0.024349743937027,-0.087225210960615,0.144145034807299,-0.229654737987167,-0.062875467023588,0.168494778744326,-0.20530499405014002,287.0,299.0,300.0,367.0,36.31689230463789
49035113532,-0.090150869317017,-0.100705946137049,0.176344047255404,-0.392575304689946,-0.010555076820031997,0.266494916572421,-0.302424435372929,310.0,305.0,284.0,399.0,50.92805382759748
49035113533,-0.312219628730566,-1.057683796321987,0.188629799088307,0.049866467666085,-0.7454641675914209,0.500849427818873,0.362086096396651,378.0,465.0,267.0,293.0,89.71203932583408
49035114700,0.214724581560105,-0.118388548352596,0.177972723711476,0.410562555114214,-0.333113129912701,-0.036751857848629,0.19583797355410903,225.0,307.0,283.0,176.0,58.93145736079048
49035112619,0.352528488397356,0.143066770064717,0.205507549433385,0.368468580131223,-0.20946171833263902,-0.147020938963971,0.015940091733867012,178.0,231.0,252.0,198.0,33.079449814046185
49035112821,0.673483376952228,0.719567760511641,0.283318324625658,0.510606594319077,0.04608438355941291,-0.39016505232657006,-0.16287678263315108,99.0,114.0,192.0,53.0,57.81868210189506
49035112907,-0.432894059464665,-0.625259818295744,0.231722711851259,-0.595617740802357,-0.19236575883107893,0.664616771315924,-0.16272368133769194,407.0,414.0,232.0,442.0,95.70222916247388
49035113105,0.738312606047014,0.857789207958387,0.323749870238716,0.480223063951897,0.11947660191137299,-0.414562735808298,-0.258089542095117,65.0,70.0,131.0,126.0,35.33647784749729
49035113702,0.354939354259252,0.257417609844105,0.102102472778186,0.383453653765745,-0.097521744415147,-0.252836881481066,0.02851429950649298,176.0,189.0,326.0,190.0,70.78782852063388
49035112001,-0.281110612603986,0.151082553938956,-0.841725978513613,0.010280540383813,0.43219316654294204,-0.5606153659096269,0.291391152987799,370.0,229.0,473.0,306.0,103.2553469156279
49035112816,0.36794483342126,0.237328919116548,0.418990114515267,0.166850269950078,-0.130615914304712,0.05104528109400702,-0.201094563471182,174.0,195.0,43.0,260.0,91.02014429051772
49035112618,0.378843451965283,0.292994320059576,0.036170501651243,0.444210627862369,-0.08584913190570703,-0.34267295031404,0.06536717589708596,170.0,185.0,358.0,164.0,92.92066508586774
49035114200,-0.462426793667235,-0.936740228214126,0.218525197580509,-0.385544880034064,-0.47431343454689096,0.680951991247744,0.07688191363317098,414.0,456.0,242.0,398.0,93.58596760910972
49035113307,-0.733441509498437,-1.510468086060998,0.349806569766731,-0.579797324368957,-0.777026576562561,1.083248079265168,0.15364418512947997,454.0,504.0,64.0,434.0,202.15505600075073
49035113308,-0.04928379997715,0.044525276588331,-0.193818527927969,0.134807974561068,0.093809076565481,-0.144534727950819,0.184091774538218,293.0,263.0,413.0,275.0,69.10861017268398
49035113600,-0.150335573814325,-0.546096320905085,0.197694486061403,-0.058904011771146,-0.39576074709076,0.348030059875728,0.091431562043179,331.0,401.0,260.0,327.0,57.59267893288752
49035113801,0.005611397501943,-0.332654027854311,0.060337701424373,0.207910722332224,-0.338265425356254,0.054726303922430004,0.20229932483028099,279.0,356.0,347.0,253.0,50.625257200992735
49035113802,-0.298696080809695,-0.333251852063894,0.10057011239541,-0.589018136030503,-0.03455577125419901,0.39926619320510504,-0.290322055220808,375.0,357.0,329.0,440.0,47.13367515199015
49035112912,-0.177594847444082,-0.240278846882593,0.52535080365998,-0.60555727516716,-0.062683999438511,0.7029456511040619,-0.42796242772307796,342.0,335.0,33.0,443.0,177.17670087608397
49035112913,-0.773023489760853,-1.085296562663197,0.135148640345644,-1.005734373031789,-0.31227307290234396,0.908172130106497,-0.23271088327093592,459.0,470.0,307.0,485.0,82.85479265960821
49035112914,-0.598457619032383,-0.817855203179413,0.30225579171179,-0.869291727715243,-0.21939758414702992,0.900713410744173,-0.27083410868285995,434.0,440.0,172.0,479.0,140.91930314900085
49035113904,-0.223833854909466,-0.557145130400579,-0.042230109798428,-0.062330773774307,-0.333311275491113,0.181603745111038,0.161503081135159,360.0,404.0,377.0,328.0,31.826351764955195
49049000603,-0.137090722351223,-0.629634854965447,0.058056307955181,0.06215407629202,-0.49254413261422403,0.19514703030640398,0.199244798643243,325.0,416.0,350.0,291.0,52.855147967503285
49049010208,0.391042824425034,0.005484033429604,0.346577598610092,0.452743141817073,-0.38555879099543,-0.044465225814942,0.06170031739203896,167.0,274.0,70.0,161.0,83.44658970463283
49049010212,0.275403117442878,-0.141738151478449,0.333819400487546,0.34641824394686,-0.41714126892132697,0.058416283044668005,0.071015126503982,209.0,312.0,91.0,210.0,90.34194300913983
49049010213,0.282895913211106,-0.161877860170526,0.329476828745202,0.358297501604736,-0.44477377338163204,0.04658091553409599,0.07540158839362998,206.0,318.0,106.0,204.0,86.64679259307103
49057210512,-1.909056235281396,-1.760323525717434,-2.322973316332255,-0.661639268815997,0.14873270956396212,-0.4139170810508588,1.2474169664653991,521.0,516.0,519.0,450.0,34.39476704383968
49035104100,-0.422502115518982,0.162994849905047,-0.508031292877645,-0.798094915108148,0.585496965424029,-0.08552917735866306,-0.375592799589166,403.0,223.0,452.0,470.0,112.93951183413772
49035104300,0.230428286972558,0.090120453855142,0.24864860907387,0.134839915534515,-0.140307833117416,0.018220322101312025,-0.095588371438043,221.0,246.0,214.0,274.0,27.219784471348532
49035104400,0.437967355517939,0.288081703137403,0.122980574843773,0.512556279741902,-0.14988565238053603,-0.314986780674166,0.07458892422396296,152.0,187.0,318.0,49.0,111.0390321763778
49035104900,0.310593706119849,0.597837029829497,-0.118449236986358,0.487467683456678,0.28724332370964806,-0.429042943106207,0.17687397733682902,197.0,129.0,394.0,93.0,134.27924883118266
49035110200,-0.067798038358811,-0.581901112401686,0.109622110173389,0.284854571335907,-0.5141030740428749,0.1774201485322,0.352652609694718,301.0,407.0,324.0,232.0,72.17109301283075
49035110500,-1.000948705161591,-1.549334594791414,-0.147951680266242,-0.802593292210226,-0.548385889629823,0.8529970248953491,0.19835541295136505,482.0,505.0,403.0,471.0,43.85107372307623
49049000604,0.729144894148613,0.842929291606473,0.314695767639136,0.481549252188267,0.11378439745785995,-0.4144491265094771,-0.24759564196034606,87.0,93.0,158.0,118.0,32.25936556516056
49049000708,0.049005058370848,-0.158274871509167,0.133687128200025,0.002490952059796,-0.207279929880015,0.084682069829177,-0.046514106311052,266.0,315.0,309.0,309.0,22.677080940897135
49049000709,-0.37551244180424,-0.626096369194888,0.128881167114096,-0.581566469685032,-0.250583927390648,0.504393608918336,-0.20605402788079202,393.0,415.0,314.0,437.0,53.59959576962
49049000710,0.319994445872436,-0.036431769890176,0.263767930368918,0.394249327902501,-0.35642621576261196,-0.05622651550351798,0.07425488203006503,193.0,282.0,202.0,183.0,45.335784247472034
49049001105,0.036348185423055,0.076525364632352,0.078016854598288,-0.220541652263299,0.040177179209297004,0.041668669175233,-0.256889837686354,273.0,250.0,340.0,363.0,53.631458430042095
49049001106,0.114604837565111,-0.117830355993725,0.182427228492661,0.0725613493441,-0.23243519355883602,0.06782239092754999,-0.042043488221011005,254.0,306.0,278.0,289.0,21.792582836062977
49049001108,0.255919216536349,0.094320607609431,-0.076001154788074,0.528859739165399,-0.16159860892691802,-0.33192037132442304,0.27294052262904994,215.0,244.0,385.0,43.0,140.40744282266522
49049010216,0.733435442435807,0.843477536904474,0.324941256088335,0.481952562540987,0.11004209446866697,-0.40849418634747203,-0.25148287989482004,86.0,92.0,126.0,117.0,19.276496915501358
49049010219,-0.068166593999253,-0.883143328768496,0.345588191533163,0.193220016596025,-0.814976734769243,0.413754785532416,0.261386610595278,303.0,451.0,71.0,255.0,156.71205016419978
49049010404,0.736799728185301,0.856276330096673,0.322236992377003,0.478710186090184,0.119476601911372,-0.41456273580829806,-0.25808954209511703,78.0,82.0,143.0,143.0,36.40970566575164
49049010405,0.737916618716877,0.857393220628249,0.323353882908579,0.479827076621759,0.119476601911372,-0.41456273580829794,-0.258089542095118,67.0,71.0,132.0,127.0,35.02737025051505
49049001702,0.249857203445412,0.195160690176869,0.140382983456298,0.133005132254351,-0.05469651326854302,-0.10947421998911402,-0.116852071191061,217.0,205.0,303.0,276.0,46.89971570631674
49049002204,0.75826275574747,0.883060065869582,0.325853971767592,0.523144858524536,0.12479731012211193,-0.43240878397987803,-0.23511789722293408,33.0,36.0,123.0,47.0,42.59401366389413
49049002205,0.193127176650267,-0.384727987044796,0.339992281691437,0.359775685921318,-0.577855163695063,0.14686510504117004,0.166648509271051,233.0,370.0,77.0,202.0,120.33425669082489
49049010407,-0.446066294200091,-1.378855845199525,0.235899442397699,-0.128349827797617,-0.932789550999434,0.68196573659779,0.317716466402474,408.0,501.0,229.0,349.0,113.8928590093924
49049010408,0.430909037024189,0.213538723269609,0.294652957022364,0.390884920062047,-0.21737031375458,-0.136256080001825,-0.040024116962141976,156.0,202.0,182.0,185.0,18.997806890972093
49049010505,0.170089185446309,-0.544879975313682,0.343997712733373,0.452857022689728,-0.7149691607599911,0.173908527287064,0.28276783724341903,239.0,400.0,72.0,160.0,139.33742019524644
49049010506,0.224645411719144,-0.256135937060411,0.363634026190753,0.290766375610967,-0.48078134877955503,0.138988614471609,0.06612096389182301,222.0,340.0,50.0,230.0,119.78174596601382
49049010700,0.439205839011761,0.159072401408202,0.256636970938928,0.511389409801983,-0.280133437603559,-0.182568868072833,0.07218357079022197,150.0,227.0,210.0,52.0,79.06273880069338
49049002901,0.501274707732992,0.387450414529839,0.189838088211482,0.49760103801644,-0.11382429320315296,-0.31143661952151,-0.003673669716551975,133.0,162.0,265.0,68.0,82.02845034905064
49049002902,-0.034549894036842,-0.526769236112059,0.147106843320596,0.117644606552575,-0.49221934207521695,0.181656737357438,0.152194500589417,288.0,398.0,299.0,281.0,54.83611948342078
49049003001,-0.460438715753188,-0.699637330866064,0.169888733123723,-0.779635051762068,-0.23919861511287593,0.6303274488769111,-0.31919633600888003,411.0,423.0,288.0,466.0,76.40680597957227
49049003002,0.435859609496647,0.343923221795612,0.181031242723623,0.37900294824,-0.09193638770103496,-0.254828366773024,-0.056856661256646956,154.0,165.0,281.0,193.0,57.557941820974335
49049003103,0.687557127117562,0.775812220035722,0.278742847992348,0.478818788481254,0.08825509291816003,-0.408814279125214,-0.20873833863630803,96.0,105.0,196.0,141.0,45.37620521815371
49049003106,0.448637780772194,0.317593806281748,0.242968715579534,0.373882525135906,-0.13104397449044602,-0.20566906519266,-0.07475525563628804,148.0,174.0,218.0,196.0,29.97776954122282
49049003204,-0.182064506503189,-0.212690250108456,0.137595184809487,-0.555201803653341,-0.030625743605266986,0.319659691312676,-0.37313729715015204,344.0,328.0,304.0,430.0,54.85435260760991
49049003205,0.352901613941314,0.161371627806962,0.204911268804497,0.333543589470924,-0.191529986134352,-0.14799034513681697,-0.01935802447038998,177.0,224.0,253.0,213.0,31.41522985220173
49049010107,0.737365580845718,0.856842182757091,0.32280284503742,0.479276038750601,0.11947660191137299,-0.414562735808298,-0.25808954209511703,73.0,77.0,138.0,135.0,35.565666965019325
49049000104,0.415028567563126,0.173850319685929,0.183348180526208,0.506115026758937,-0.241178247877197,-0.231680387036918,0.09108645919581104,162.0,219.0,275.0,57.0,93.07120929696788
49049000105,0.493507922790106,0.427453471768604,0.213438416404917,0.410809807402286,-0.06605445102150204,-0.280069506385189,-0.08269811538782001,136.0,154.0,245.0,175.0,47.738873049120045
49035110600,-0.763463082202758,-1.309346777833869,-0.072667368273108,-0.571453125968625,-0.5458836956311109,0.69079571392965,0.19200995623413308,457.0,492.0,383.0,433.0,45.77025963075441
49035112402,-0.812606297055129,-0.477860301139547,0.604928203909196,-1.852760316396783,0.334745995915582,1.417534500964325,-1.0401540193416539,465.0,390.0,24.0,518.0,223.1014343297685
49035112501,-0.035455898299617,-0.211106566172975,0.059497679057376,0.043880514705821,-0.17565066787335798,0.094953577356993,0.079336413005438,289.0,325.0,348.0,294.0,27.700782179088975
49035112503,-0.097941306621192,-0.291612286481848,0.223906848116326,-0.124842029884214,-0.193670979860656,0.321848154737518,-0.026900723263021994,314.0,346.0,239.0,347.0,50.70502933634887
49049000205,0.737629534644034,0.857106136555406,0.323066798835736,0.479539992548917,0.119476601911372,-0.414562735808298,-0.25808954209511703,70.0,74.0,135.0,131.0,35.29400326778852
49049000206,0.680958866630566,0.748154237289207,0.284858463653425,0.488844129515048,0.06719537065864101,-0.39610040297714105,-0.19211473711551802,98.0,112.0,191.0,88.0,46.87838876639569
49049000504,0.425698362630256,0.222478648840061,0.168858780969174,0.490410469341566,-0.20321971379019502,-0.256839581661082,0.06471210671131,158.0,199.0,290.0,87.0,84.74471468278519
49049000506,0.287262832751713,0.084246424153111,0.133166690058484,0.325727267125867,-0.20301640859860198,-0.154096142693229,0.03846443437415403,203.0,249.0,311.0,216.0,48.22430231048795
49049000508,-0.068642904080247,-0.775688872537457,0.114775016516397,0.325297250817763,-0.70704596845721,0.183417920596644,0.39394015489801,304.0,435.0,322.0,217.0,89.61584681293817
49035110701,-0.285311245832633,-0.025058156414359,-0.325749561637614,-0.432712969894931,0.260253089418274,-0.04043831580498097,-0.147401724062298,372.0,279.0,435.0,409.0,68.25137361255084
49035110702,-0.589009332471194,-0.82370955593832,-0.240356893400325,-0.442822873528702,-0.23470022346712593,0.348652439070869,0.14618645894249205,433.0,442.0,424.0,411.0,13.228756555322953
49035110900,-0.431286695251003,-0.82232290301753,0.084126793772456,-0.420936227795768,-0.391036207766527,0.515413489023459,0.01035046745523499,405.0,441.0,335.0,408.0,44.58979703923309
49035111201,-0.215570622647461,-0.126648075343148,-0.172792046580823,-0.340366320313742,0.08892254730431298,0.042778576066637986,-0.12479569766628099,357.0,309.0,408.0,389.0,43.292609068985435
49035111202,-0.39962242178763,-0.389194188268876,0.210224351577543,-0.774729169767958,0.010428233518754049,0.609846773365173,-0.375106747980328,397.0,375.0,248.0,464.0,90.3142661303665
49035111302,0.183971199006572,-0.085901506549467,0.141386519207319,0.244847710686212,-0.269872705556039,-0.042584679799252984,0.060876511679640005,236.0,298.0,302.0,244.0,34.83293460696835
49035111305,-0.137094922943007,-0.369072838859957,0.102760953440961,-0.181849035075255,-0.23197791591695,0.23985587638396802,-0.044754112132247975,326.0,364.0,325.0,356.0,20.1886932051912
49035112201,0.03026877532998,-0.390873709689453,0.055526714896226,0.424590640385998,-0.421142485019433,0.025257939566246,0.39432186505601796,274.0,376.0,351.0,171.0,92.19182899440348
49035102801,-0.670289126457661,-0.723782558270061,-0.374135570771564,-0.508532323677422,-0.05349343181239996,0.296153555686097,0.16175680278023907,445.0,429.0,439.0,417.0,12.26104943849968
49035102900,2.953160661401387,3.123575964362185,3.428623192990023,3.242664182003115,0.170415302960798,0.47546253158863605,0.2895035206017278,3.0,7.0,3.0,4.0,1.8929694486000912
49035103000,-0.319206030947701,0.29551128251458,-0.84257582827407,-0.226513503145066,0.614717313462281,-0.5233697973263689,0.09269252780263501,379.0,184.0,474.0,366.0,121.14282204626626
49035103100,-0.273324348721945,0.098563072134211,-0.572443293066626,-0.210482315346913,0.371887420856156,-0.299118944344681,0.062842033375032,368.0,242.0,461.0,361.0,89.76636341080105
49035103200,-0.339993745844794,0.324694425411309,-0.691250769331245,-0.381050574091843,0.664688171256103,-0.35125702348645094,-0.04105682824704898,383.0,170.0,466.0,396.0,127.8081244157298
49035103300,0.005790376625243,0.611465773046286,-0.024958822477828,-0.321069866894751,0.6056753964210431,-0.030749199103071,-0.326860243519994,278.0,125.0,373.0,385.0,120.11487557056925
49035103400,-0.206849109381496,0.094132340356825,-0.48356807706057,-0.13108736011741,0.30098144973832097,-0.276718967679074,0.07576174926408599,354.0,245.0,449.0,350.0,83.34866525625951
49035103600,-0.266522310839572,0.329721764637315,-0.419699972481489,-0.58431754876067,0.596244075476887,-0.15317766164191698,-0.317795237921098,367.0,168.0,443.0,438.0,128.76593752490083
49035103700,-0.141709964901677,0.233004208539959,-0.225537366556813,-0.476582347626689,0.37471417344163604,-0.083827401655136,-0.33487238272501196,327.0,196.0,419.0,414.0,104.27207999587745
49035103800,0.073651483377978,0.341579970011529,-0.146060358355313,-0.087795524416849,0.267928486633551,-0.219711841733291,-0.161447007794827,263.0,166.0,402.0,337.0,101.3936224161395
49035103900,-0.143247167034968,-0.133346742016875,-0.022506278284414,-0.310234668119201,0.009900425018093018,0.12074088875055401,-0.16698750108423296,328.0,311.0,371.0,384.0,34.60732099811638
49035112202,0.872024777828667,0.752229361496067,1.413745838131028,1.036615392141,-0.11979541633260005,0.5417210603023609,0.1645906143123329,19.0,110.0,13.0,18.0,46.74041791283714
49035112301,-0.199013201659127,-0.233630465866791,-0.448689032787592,0.223698539039391,-0.034617264207664006,-0.24967583112846498,0.422711740698518,351.0,334.0,448.0,249.0,81.61086528969861
49035112302,-0.40638144752134,-0.431372086081676,0.264800780655312,-0.712659831045819,-0.02499063856033601,0.671182228176652,-0.306278383524479,400.0,383.0,201.0,456.0,110.49283536350521
49035101500,0.193920166182369,1.015907416065282,-0.499478865297873,0.201547617731127,0.8219872498829128,-0.6933990314802421,0.007627451548757991,232.0,26.0,451.0,254.0,173.75725404521484
49035101600,1.284193379078427,2.184966939119398,0.419078371521716,1.488257790729339,0.900773560040971,-0.865115007556711,0.20406441165091205,14.0,12.0,42.0,12.0,14.696938456699069
49035101700,1.375086550585904,2.352160133911959,1.001509448411927,0.935462535045084,0.9770735833260549,-0.3735771021739771,-0.43962401554082,11.0,11.0,17.0,19.0,4.123105625617661
49035101800,1.306327622320181,2.077232035922544,0.561903587032645,1.413338015879694,0.7709044136023631,-0.744424035287536,0.10701039355951303,13.0,14.0,29.0,14.0,7.681145747868608
49035101900,2.103574536218672,3.728163348170908,0.294624034925662,2.777293094445413,1.6245888119522358,-1.80895050129301,0.6737185582267409,6.0,4.0,183.0,6.0,88.83833631940661
49035102000,1.586644186998783,2.687702145612792,0.561863387758793,1.814058420499724,1.1010579586140088,-1.02478079923999,0.22741423350094103,9.0,9.0,30.0,9.0,10.5
49035102300,0.374082442901638,1.679340134499736,-1.24068902592919,1.066748181732143,1.305257691598098,-1.6147714688308281,0.6926657388305049,172.0,17.0,498.0,17.0,226.76125477397295
49035102600,0.484382979410425,1.345073186216457,0.16976735438785,0.66616921924386,0.860690206806032,-0.314615625022575,0.18178623983343495,137.0,21.0,289.0,25.0,126.042320934941
49035104700,-0.250246346258116,-0.376160482239167,-0.26248259590191,-0.021025865480772,-0.125914135981051,-0.012236249643793995,0.22922048077734397,365.0,366.0,427.0,315.0,45.835757511648765
49035111306,0.582367971293506,0.682826252550093,0.235141349503627,0.377405859569978,0.10045828125658696,-0.34722662178987906,-0.20496211172352802,119.0,115.0,231.0,194.0,57.19192833492036
49035102802,-1.037064306734375,-1.265994408568281,0.031536390566787,-1.104283693331468,-0.22893010183390605,1.068600697301162,-0.06721938659709292,486.0,487.0,361.0,489.0,63.17897857146262
49035112604,0.038527853887527,-0.158659609840575,0.189989299984284,-0.080133624652579,-0.197187463728102,0.151461446096757,-0.118661478540106,271.0,316.0,264.0,333.0,33.75401210720487
49049000711,0.121963098398531,-0.37985827687191,0.260652746451193,0.251025096469423,-0.501821375270441,0.138689648052662,0.129061998070892,252.0,368.0,204.0,240.0,70.9929573971954
49049001107,0.32672651605092,0.096909696919342,0.198978152649356,0.415581123477077,-0.22981681913157803,-0.127748363401564,0.08885460742615697,192.0,243.0,259.0,173.0,40.82789079375356
49049010217,0.611061712267803,0.551839930833438,0.332305117973937,0.463893542803753,-0.05922178143436507,-0.278756594293866,-0.14716816946405004,113.0,134.0,94.0,156.0,26.737925623852473
49049010220,0.411338482786262,0.065341102946527,0.340751109025264,0.446378539492774,-0.345997379839735,-0.070587373760998,0.035040056706512,164.0,254.0,76.0,163.0,72.67450263561034
49049010303,0.735893277069139,0.855369878980511,0.321330541260841,0.477803734974022,0.119476601911372,-0.414562735808298,-0.258089542095117,85.0,89.0,151.0,150.0,36.70036330428715
49049010305,0.736999714379601,0.856476316290973,0.322436978571303,0.478910172284484,0.119476601911372,-0.414562735808298,-0.258089542095117,77.0,81.0,142.0,140.0,35.842246953374264
49049001701,0.496556373636422,0.430719102952748,0.126493074883776,0.511759874051114,-0.06583727068367401,-0.370063298752646,0.015203500414691984,135.0,153.0,315.0,51.0,110.34944494649713
49035112815,0.742305877814338,0.83103482188716,0.323755004553031,0.55104327424645,0.08872894407282206,-0.41855087326130697,-0.19126260356788793,51.0,96.0,130.0,36.0,42.8981351576033
49035110800,-1.166505166128065,-1.161559983820507,-0.103848342667805,-1.528667343446713,0.004945182307557916,1.06265682346026,-0.3621621773186481,492.0,476.0,392.0,511.0,52.48730005121874
49035112812,0.766020049764377,0.869111809968307,0.300543970897871,0.638207811697183,0.10309176020392996,-0.465476078866506,-0.127812238067194,26.0,48.0,174.0,27.0,70.89605066574583
49035112616,-0.522135529021453,-1.065670670946878,0.229151000996089,-0.580848808837853,-0.543535141925425,0.751286530017542,-0.058713279816399955,420.0,466.0,234.0,435.0,104.92973839670049
49035112614,0.333376514447498,0.064105129341949,0.238787404189368,0.363620905159294,-0.269271385105549,-0.09458911025813,0.03024439071179602,191.0,255.0,225.0,201.0,28.495613697550013
49035113016,0.748754162983662,0.868230764895034,0.334191427175364,0.490664620888545,0.119476601911372,-0.41456273580829806,-0.25808954209511703,43.0,51.0,89.0,85.0,23.38090388900024
49035111001,-1.427952486065009,-2.268418234472375,-0.071195316803321,-1.331952754671963,-0.8404657484073659,1.356757169261688,0.09599973139304607,506.0,525.0,381.0,497.0,65.21950117360093
49035113012,-0.839591896983543,-1.656644845125809,0.157180562949114,-0.713602851847688,-0.8170529481422659,0.996772459932657,0.12598904513585496,467.0,512.0,293.0,459.0,96.0429591380857
49035111500,1.179117068956356,1.071822204496119,1.612686871340549,1.641553048330132,-0.10729486446023695,0.4335698023841932,0.462435979373776,16.0,25.0,10.0,10.0,7.088723439378913
49035112814,0.741231318061206,0.860707919972579,0.326668582252908,0.483141775966089,0.11947660191137299,-0.414562735808298,-0.25808954209511703,57.0,63.0,118.0,112.0,31.942656954820357
49035104200,-0.061713481156022,-0.576192232757066,0.117854534715939,0.385876380069965,-0.514478751601044,0.179568015871961,0.447589861225987,297.0,406.0,321.0,188.0,89.80348916755221
49035110103,0.299010286689779,-0.061434233724242,0.237090388567535,0.467200344473101,-0.36044452041402103,-0.06191989812224402,0.16819005778332197,199.0,288.0,226.0,153.0,56.39444417079872
49035112917,0.254317785530981,0.231634546485018,0.771994474596245,0.009730287199718,-0.022683239045963005,0.517676689065264,-0.244587498331263,216.0,197.0,20.0,307.0,120.01944286933957
49035112700,-0.128778486900397,-0.371460471542111,0.895062511084042,-0.537466856757347,-0.24268198464171398,1.023840997984439,-0.40868836985694995,322.0,365.0,19.0,425.0,180.835791073928
49035111002,-0.86853609120944,-1.316068105132654,0.073468936673361,-0.965377794180601,-0.44753201392321396,0.9420050278828009,-0.09684170297116101,473.0,493.0,341.0,483.0,71.46794153091767
49035112609,-0.496228599191061,-1.275689092668241,0.230280771683244,-0.29364467796995,-0.7794604934771799,0.726509370874305,0.20258392122111102,416.0,489.0,233.0,379.0,107.67969477420831
49035100200,-0.206941915417304,0.242287972968648,-1.18377371922473,0.293510916723954,0.449229888385952,-0.976831803807426,0.500452832141258,355.0,193.0,496.0,228.0,137.57179943578552
49035102100,0.160400739401655,2.096976978796558,-2.251858315653634,1.173240253032813,1.936576239394903,-2.412259055055289,1.012839513631158,242.0,13.0,516.0,15.0,238.58262021083317
49057210102,-0.169431485360356,-1.24266107188779,0.348160710486152,0.296945949300885,-1.073229586527434,0.517592195846508,0.46637743466124104,336.0,485.0,69.0,227.0,175.5835508620706
49057200302,-1.887775651242556,-2.905230020859519,-0.532412832883538,-1.362252987200609,-1.017454369616963,1.355362818359018,0.525522664041947,520.0,528.0,458.0,499.0,31.31958918419376
49057210306,-1.757288602036389,-2.080488995956031,-0.818691984117397,-1.513609610199764,-0.32320039391964195,0.938596617918992,0.2436789918366249,514.0,521.0,472.0,510.0,21.975364995072702
49057210101,0.333871003508164,0.030594732444111,0.158375674037853,0.46438709741565,-0.303276271064053,-0.17549532947031102,0.13051609390748597,190.0,265.0,292.0,155.0,63.80438856379708
49057210518,-0.840490079989716,-2.235539006022887,0.239349202548973,-0.198226939410334,-1.3950489260331707,1.079839282538689,0.642263140579382,469.0,523.0,223.0,358.0,132.66593383382187
49057210305,-0.624531482112436,-0.805699521707436,-0.141216558297481,-0.73968569907243,-0.18116803959499994,0.483314923814955,-0.11515421695999395,438.0,438.0,400.0,462.0,25.632011235952593
49057210406,0.437740527350504,0.141132778820607,0.283163297380511,0.491907097018823,-0.296607748529897,-0.154577229969993,0.05416656966831901,153.0,232.0,193.0,81.0,64.47932485171765
49057210407,0.752052961252823,0.871529563164195,0.337490225444525,0.493963419157706,0.1194766019113721,-0.41456273580829794,-0.258089542095117,37.0,43.0,81.0,74.0,21.975364995072702
49057210405,-1.872306124336721,-2.228618242581589,-0.802099017730324,-1.742005796134533,-0.3563121182448681,1.070207106606397,0.13030032820218795,519.0,522.0,471.0,515.0,24.005207768315607
49057210513,-0.655291761345183,-1.045954138723732,0.199476670533674,-0.86607558921775,-0.39066237737854914,0.854768431878857,-0.210783827872567,440.0,464.0,258.0,477.0,102.32098188217964
49057210408,0.739614131650151,0.859090733561523,0.325051395841853,0.481524589555034,0.119476601911372,-0.414562735808298,-0.258089542095117,60.0,65.0,124.0,119.0,34.18576701884378
49057210514,-0.040211123143527,-0.734486739663881,0.178071010959422,0.303464673209868,-0.694275616520354,0.218282134102949,0.34367579635339496,290.0,432.0,282.0,223.0,88.68436540149942
49057210515,0.744102172479506,0.863578774390878,0.329539436671208,0.486012630384389,0.119476601911372,-0.41456273580829806,-0.25808954209511703,47.0,55.0,105.0,99.0,29.726531359488725
49057210517,0.688221508786284,0.785428530288574,0.268029043466948,0.488326652125279,0.09720702150228999,-0.42019246531933596,-0.19989485666100498,95.0,103.0,198.0,89.0,51.48705338885365
49057210516,0.740706365177643,0.860182967089015,0.326143629369345,0.482616823082525,0.119476601911372,-0.414562735808298,-0.258089542095118,58.0,64.0,121.0,114.0,32.836717253708535
49057200301,-1.326023715383464,-0.925495206669208,-1.051727235985402,-1.374876821330913,0.40052850871425594,0.274296479398062,-0.04885310594744907,499.0,453.0,486.0,501.0,22.18670773233379
49035113545,0.208495118886137,0.1855662818296,0.041349736300042,0.174423456561606,-0.022928837056537005,-0.16714538258609501,-0.034071662324531016,226.0,211.0,355.0,258.0,64.70703207534712
49035113543,-0.53556281614403,-1.173391443794236,0.297433731370742,-0.585224253146461,-0.6378286276502061,0.832996547514772,-0.049661437002430975,422.0,478.0,177.0,439.0,136.6918675952109
49035113542,0.35063393472151,0.065422832675563,0.353296316116446,0.299531267406366,-0.285211102045947,0.0026623813949360198,-0.05110266731514401,180.0,253.0,55.0,225.0,87.49619039325846
49035115108,0.739522304388004,0.858998906299377,0.324959568579706,0.481432762292887,0.11947660191137299,-0.41456273580829806,-0.25808954209511703,61.0,66.0,125.0,120.0,34.18576701884378
49035112830,0.754037884889704,0.873514486801076,0.339475149081406,0.495948342794587,0.119476601911372,-0.414562735808298,-0.25808954209511703,36.0,42.0,79.0,71.0,21.18175315375634
49035115109,0.74147782067739,0.860954422588763,0.326915084869093,0.483388278582273,0.11947660191137299,-0.414562735808297,-0.258089542095117,54.0,61.0,116.0,110.0,32.26324017619226
49035113903,0.194264984311801,0.150776340156903,-0.112036974685316,0.28398269543723,-0.043488644154898004,-0.306301958997117,0.08971771112542898,231.0,230.0,393.0,234.0,80.68457101577724
49035110104,-0.521909259805959,-1.184335986305574,0.085011309247091,-0.29210050686656,-0.662426726499615,0.60692056905305,0.22980875293939906,419.0,481.0,333.0,378.0,62.88812818542675
49035112611,0.264545240938032,-0.00302773167125,0.242526244508063,0.272368345697497,-0.267572972609282,-0.02201899642996899,0.007823104759465016,212.0,276.0,219.0,236.0,28.663274993156893
49035111304,0.754041187046477,0.873517788957849,0.339478451238179,0.49595164495136,0.119476601911372,-0.41456273580829806,-0.25808954209511703,35.0,41.0,78.0,70.0,21.18175315375634
49035113014,0.76278941555869,0.882266017470062,0.348226679750392,0.504699873463573,0.119476601911372,-0.41456273580829794,-0.2580895420951169,31.0,38.0,67.0,59.0,17.017148213885115
49035110300,-0.7025876721459,-0.882581028257098,-0.277527520626464,-0.64086659072898,-0.17999335611119804,0.425060151519436,0.06172108141692001,450.0,450.0,430.0,449.0,9.844626283748239
49035101200,-0.657529324201947,0.188259845080029,-0.426532635065021,-1.364348906556018,0.845789169281976,0.230996689136926,-0.7068195823540709,441.0,210.0,444.0,500.0,128.7254831026087
49035103500,-0.722752730360609,0.02951667315681,-0.641115337438983,-1.232866629337945,0.752269403517419,0.08163739292162608,-0.510113898977336,452.0,266.0,465.0,496.0,104.14853175473318
49035112617,0.55714558718189,0.427368595251685,0.295218337781465,0.487714656044985,-0.12977699193020498,-0.261927249400425,-0.06943093113690502,125.0,155.0,180.0,92.0,38.02630668366309
49035112813,0.770423561232567,0.889900163143939,0.355860825424269,0.512334019137449,0.1194766019113721,-0.41456273580829794,-0.2580895420951179,24.0,31.0,53.0,50.0,14.200938936093861
49049000103,0.411402186419095,0.298277268260521,0.188081552149241,0.384526087526539,-0.113124918158574,-0.223320634269854,-0.02687609889255599,163.0,181.0,268.0,189.0,46.45696933722647
49035100100,-0.570239842969499,1.630568380319654,-2.041940665140634,0.135658912916392,2.200808223289153,-1.471700822171135,0.705898755885891,430.0,18.0,515.0,273.0,218.3681906017144
49035100306,2.843192862774113,3.19854424004869,2.636455604239951,2.813968573615159,0.35535137727457666,-0.20673725853416203,-0.029224289158954253,4.0,5.0,4.0,5.0,0.5773502691896257
49035100500,0.041988682266475,-0.040933120892864,0.698185204348636,-0.404097253686689,-0.082921803159339,0.656196522082161,-0.446085935953164,269.0,283.0,21.0,403.0,160.37040458471964
49035100600,1.995443778188485,2.710575623782657,1.915773213010157,2.188669766414931,0.715131845594172,-0.07967056517832805,0.193225988226446,7.0,8.0,7.0,7.0,0.5
49035100700,-1.819688061423716,0.245649796385796,-4.116277908708195,-0.704300965185263,2.0653378578095123,-2.296589847284479,1.1153870962384531,516.0,191.0,529.0,455.0,157.831925372108
49035100800,-1.012981723341838,1.987060503894146,-3.818683516728514,-0.032315044809563,3.000042227235984,-2.805701793386676,0.9806666785322748,483.0,15.0,528.0,318.0,232.26278221015093
49035101000,-0.751849599133935,-0.004966005343958,-0.521358749139909,-1.378118899047794,0.746883593789977,0.23049084999402603,-0.6262692999138589,455.0,277.0,455.0,503.0,99.60421677820673
49049000102,-0.543103727021262,-1.500319499665338,0.201704900562662,-0.200761014230599,-0.957215772644076,0.744808627583924,0.342342712790663,426.0,503.0,255.0,359.0,105.16455359736632
49057211000,-1.217312968720544,-0.146463258086995,-1.643720297297391,-1.406230276074376,1.0708497106335488,-0.42640732857684704,-0.18891730735383194,494.0,313.0,508.0,506.0,95.03464280636474
49057211100,-1.06719228626686,-1.078491618437988,-0.530316934819515,-1.187903039863313,-0.011299332171128107,0.5368753514473449,-0.12071075359645311,490.0,468.0,457.0,494.0,17.68945071692919
49049010110,0.743250894962533,0.858806275149647,0.331298271589916,0.487771465303097,0.11555538018711398,-0.41195262337261707,-0.25547942965943604,49.0,67.0,98.0,91.0,22.5
49049010132,0.736419530680266,0.855896132591639,0.321856794871969,0.478329988585149,0.11947660191137299,-0.414562735808297,-0.258089542095117,80.0,84.0,146.0,145.0,36.70036330428715
49057200500,-1.426838350487578,-1.18296082181581,-1.639907257763018,-0.700859411439406,0.24387752867176782,-0.21306890727544014,0.7259789390481719,505.0,480.0,507.0,454.0,24.906491790963525
49057202000,-0.665637589507296,-0.619984014160785,-0.244878865804949,-0.791402400201237,0.045653575346511044,0.420758723702347,-0.12576481069394096,443.0,412.0,425.0,468.0,24.26245384677046
49057201100,-3.669780652997159,0.579911310233284,-3.519433175278682,-5.514577649724571,4.249691963230443,0.15034747771847679,-1.8447969967274123,530.0,130.0,527.0,530.0,199.50501246835879
49035112608,-0.06736441599009,-0.500666850794355,0.036473588354007,0.144235047375678,-0.433302434804265,0.10383800434409701,0.21159946336576801,300.0,393.0,357.0,271.0,55.01136246267674
49035113011,-0.193323832315381,-0.876173759039574,0.291892726659703,-0.032823559645407,-0.682849926724193,0.485216558975084,0.160500272669974,347.0,449.0,186.0,319.0,108.34628127751624
49035113512,0.270098118808236,0.244105843973737,-0.169774054971344,0.498641396794539,-0.02599227483449898,-0.43987217377958,0.22854327798630303,211.0,192.0,407.0,67.0,140.5237227896652
49035113513,-0.360264157757628,-0.714020165179721,-0.044730136470149,-0.053522830523198,-0.353756007422093,0.315534021287479,0.30674132723443,388.0,425.0,378.0,324.0,41.72429348313362
49035113514,-0.235882124791735,-0.232368437171406,-0.063690434577352,-0.351527815710665,0.003513687620328998,0.17219169021438302,-0.11564569091892998,361.0,332.0,379.0,391.0,25.656383221335
49035113515,-0.067914424615966,-0.348517570507253,0.079103056023906,0.12379000980016,-0.280603145891287,0.147017480639872,0.191704434416126,302.0,360.0,339.0,279.0,36.359317925395686
49035112002,-0.531966790667838,-0.411889561798035,-0.915420941817052,-0.00149836886242,0.12007722886980304,-0.383454151149214,0.530468421805418,421.0,378.0,479.0,310.0,71.25073099040225
49057210204,-0.540273414509073,-1.104464127014554,-0.272226317497512,-0.087681985965986,-0.5641907125054811,0.26804709701156093,0.452591428543087,424.0,472.0,428.0,336.0,56.979528487577596
49057210303,0.183054814594525,-0.092927735757872,0.033847263084497,0.358816805726382,-0.275982550352397,-0.14920755151002799,0.17576199113185703,238.0,302.0,359.0,203.0,69.13031173081747
49057210304,-0.903981357246886,-2.264460877518117,-0.091158545929374,-0.020558413394665,-1.360479520271231,0.812822811317512,0.883422943852221,477.0,524.0,390.0,314.0,93.17501453358263
49035113013,0.745267371060826,0.864743972972198,0.330704635252528,0.487177828965708,0.119476601911372,-0.41456273580829794,-0.258089542095118,46.0,54.0,101.0,95.0,28.011902232205983
49035113520,-0.176218409075121,-0.082467277048944,-0.013445937783135,-0.357714519211371,0.09375113202617702,0.16277247129198602,-0.18149611013624997,341.0,296.0,368.0,393.0,41.50903516103452
49035112805,0.788775171172048,0.6277108558435,0.544445948558594,0.796336345352961,-0.16106431532854804,-0.24432922261345402,0.007561174180913066,21.0,122.0,31.0,21.0,49.06033700115264
49035112804,0.726466376178517,0.770813047937789,0.350977100441376,0.538796962754734,0.044346671759272094,-0.37548927573714097,-0.18766941342378296,88.0,106.0,58.0,38.0,30.347981810987037
49035112610,0.082993030898276,-0.198858338136466,0.307646009305504,0.131279675482159,-0.281851369034742,0.224652978407228,0.04828664458388299,261.0,322.0,168.0,277.0,64.70960773589447
49035113521,-0.610976449796048,-0.795109317955797,0.162765281063995,-0.838152767022201,-0.18413286815974894,0.773741730860043,-0.22717631722615295,436.0,436.0,291.0,476.0,81.38130415928875
49035113522,-0.33635901811534,-0.313706782037275,0.181425228692929,-0.719421291578188,0.022652236078065047,0.5177842468082691,-0.383062273462848,381.0,350.0,280.0,460.0,74.61177297629823
49035113523,-0.497245049504035,-0.723261384596696,0.136872621827852,-0.669122204248768,-0.226016335092661,0.634117671331887,-0.17187715474473303,417.0,428.0,305.0,452.0,65.32227797620043
49035112612,-0.062844782016396,-0.274480903137889,0.358263388329002,-0.278992678095602,-0.211636121121493,0.421108170345398,-0.21614789607920604,298.0,345.0,52.0,376.0,147.36434439850095
49035112613,0.017853832397535,-0.132044823045199,0.132215862536529,-0.072677823550851,-0.14989865544273398,0.114362030138994,-0.09053165594838601,277.0,310.0,312.0,332.0,22.779742462694056
49035112615,0.367889803625413,0.193526397934279,0.206360431225425,0.343788332740582,-0.174363405691134,-0.16152937239998802,-0.024101470884831,175.0,206.0,251.0,211.0,31.202296923997974
49057210511,-0.770196646351368,-0.31637279005971,-1.128199847812268,-0.525897663958971,0.453823856291658,-0.3580032014608999,0.244298982392397,458.0,352.0,490.0,420.0,59.352056970813294
49057201302,-1.365680669520801,0.089238874701647,-2.611176009488254,-0.993255958854963,1.454919544222448,-1.245495339967453,0.37242471066583804,500.0,247.0,521.0,484.0,128.23156137758494
49057210404,0.686701417844824,0.756042360686083,0.294418170780731,0.484953420444603,0.06934094284125902,-0.39228324706409295,-0.20174799740022098,97.0,109.0,184.0,105.0,40.475301110677364
49035113017,0.767766455235235,0.887243057146607,0.353203719426937,0.509676913140118,0.119476601911372,-0.414562735808298,-0.25808954209511703,25.0,32.0,56.0,54.0,15.58578412100805
49011126406,-1.238136540531395,-0.699854465367589,-1.0613209717089,-1.408870491496555,0.5382820751638061,0.17681556882249505,-0.17073395096515998,495.0,424.0,487.0,507.0,37.08885726648009
49011126405,0.504481033466508,0.55141003586323,0.033798452911693,0.502586034662218,0.04692900239672204,-0.470682580554815,-0.0018949988042900046,132.0,135.0,360.0,61.0,129.91535705989497
49011125908,0.347922642224426,0.074766436234007,0.241449218980953,0.386151509369892,-0.273156205990419,-0.10647342324347298,0.03822886714546603,181.0,251.0,222.0,187.0,32.633060945407294
49011125701,-1.713996099663173,-0.097409763094629,-0.881457225510066,-3.033653215030145,1.616586336568544,0.8325388741531069,-1.319657115366972,511.0,304.0,477.0,528.0,102.8753290800731
49011125702,-0.474833706023368,-0.590465465263076,-0.758646893656573,0.085689406562256,-0.11563175923970798,-0.283813187633205,0.560523112585624,415.0,408.0,469.0,286.0,77.29812416870153
49011126002,0.148050654851413,0.393916555050798,-0.742367124375873,0.605654233230472,0.24586590019938498,-0.890417779227286,0.45760357837905896,245.0,161.0,467.0,33.0,182.49657531033287
49011125807,0.426538874687973,0.300869873533313,0.317383025174543,0.332714499947388,-0.12566900115466,-0.10915584951343005,-0.09382437474058503,157.0,178.0,155.0,214.0,27.386127875258307
49011127100,-2.463875353333274,-2.802365009739626,-1.893162821374383,-1.502049252694047,-0.338489656406352,0.570712531958891,0.961826100639227,528.0,527.0,514.0,509.0,9.46924847422786
49011126001,-1.716281865522613,-0.242144889363628,-1.280373315096832,-2.253308959271625,1.474136976158985,0.43590855042578114,-0.5370270937490118,512.0,337.0,500.0,523.0,87.83697019668503
49035112905,-0.80494213131357,-1.0967586756684,0.219367336253755,-1.152801602314597,-0.29181654435483007,1.024309467567325,-0.3478594710010271,463.0,471.0,240.0,493.0,118.51406386304258
49035112904,-0.902769427478737,-0.771713855097608,0.13587232474719,-1.688624390607751,0.13105557238112897,1.038641752225927,-0.7858549631290139,476.0,434.0,306.0,513.0,90.14201757966887
49011125907,0.512875817869725,0.526694457161292,0.184499312481831,0.395698822080523,0.013818639291567014,-0.32837650538789404,-0.11717699578920204,130.0,141.0,273.0,182.0,64.97435391496145
49035113108,0.046237468719745,-0.380088159784765,0.333643156491115,0.015577980148497,-0.42632562850451,0.28740568777137,-0.030659488571248,267.0,369.0,92.0,304.0,118.42578548047155
49035114800,-0.671351023889192,-0.502719945971413,-1.163097137513239,0.019408181417586,0.16863107791777898,-0.4917461136240471,0.690759205306778,446.0,395.0,494.0,302.0,82.13555868197403
49035102702,0.338869272063391,0.970788263446368,0.258955969884765,0.086673315060502,0.631918991382977,-0.07991330217862602,-0.252195957002889,185.0,27.0,207.0,285.0,108.20351195779183
49035101102,-1.161782131356376,0.913141641796207,-4.130628463918588,0.368939400205271,2.074923773152583,-2.9688463325622116,1.5307215315616471,491.0,28.0,530.0,197.0,240.4474994671394
49035111801,-0.989125166745147,-0.264697591159718,-0.59044665168709,-1.466504223905998,0.724427575585429,0.39867851505805707,-0.47737905716085094,480.0,342.0,462.0,508.0,73.15736463268753
49035113526,-0.461081524759226,-0.80269291948283,0.124483440880872,-0.53579862572866,-0.34161139472360397,0.585564965640098,-0.07471710096943401,413.0,437.0,316.0,423.0,55.05376160324258
49035113527,-0.19802763916522,-0.067382687569348,0.047108446126957,-0.581413643083503,0.13064495159587203,0.245136085292177,-0.3833860039182829,349.0,292.0,353.0,436.0,59.28743543112655
49035101101,-0.341935792543458,0.750639568471567,-1.410624911850132,-0.235450150291681,1.092575361015025,-1.0686891193066739,0.10648564225177701,384.0,111.0,501.0,370.0,164.50835845026234
49035111802,-0.053972212317235,0.421068643275796,-0.22424563076962,-0.224677075229022,0.475040855593031,-0.170273418452385,-0.170704862911787,294.0,157.0,418.0,365.0,113.05603330502387
49035110402,-0.430714856223006,-0.29953630312556,-0.144187954927922,-0.635611442437142,0.13117855309744597,0.28652690129508396,-0.20489658621413598,404.0,348.0,401.0,447.0,40.53804797142227
49035111904,-0.36149325734227,0.057380990193533,-0.137963469055179,-0.8315581973854,0.418874247535803,0.223529788287091,-0.47006494004313004,389.0,259.0,397.0,474.0,89.15669726199299
49035112404,1.259501463963819,1.253547240277328,1.576738331951526,1.125867972842685,-0.0059542236864909,0.3172368679877071,-0.13363349112113387,15.0,22.0,12.0,16.0,4.193248541803041
49035100307,0.610969934882938,0.433169914963775,0.358273587323413,0.623249767854909,-0.17780001991916305,-0.252696347559525,0.012279832971970994,114.0,152.0,51.0,30.0,56.26944108483752
49035112920,-0.285031343588139,-0.591582948085178,0.212620976440623,-0.309889700042092,-0.306551604497039,0.497652320028762,-0.024858356453953012,371.0,409.0,246.0,383.0,72.58730375669472
49035112823,0.157055812378835,-0.853436905266206,0.586309561824606,0.694494827094062,-1.010492717645041,0.429253749445771,0.5374390147152269,243.0,448.0,28.0,24.0,202.56747846910997
49035102701,-0.042588970791628,0.017795786103921,-0.140260175909028,0.020739233451817,0.06038475689554901,-0.0976712051174,0.063328204243445,292.0,272.0,399.0,299.0,56.830156313938346
49035112921,-0.148411588129891,-0.75111533631684,0.637481169001553,-0.110553312291958,-0.602703748186949,0.785892757131444,0.037858275837933,330.0,433.0,22.0,344.0,179.39597728674596
49035113310,0.549433649442459,1.490661250110532,1.131406478202049,-0.444988984237496,0.9412276006680731,0.58197282875959,-0.994422633679955,128.0,20.0,15.0,412.0,186.27645226025393
49035113537,-0.172928593038818,-0.088470190808758,-0.028049569751933,-0.399301231988744,0.08445840223006,0.144879023286885,-0.226372638949926,339.0,301.0,374.0,402.0,43.734044709661454
49035112822,0.651529913562212,0.359168563126633,0.595829043027406,0.65153988062851,-0.29236135043557904,-0.05570087053480599,9.967066297966731e-06,105.0,163.0,26.0,26.0,66.69832581607028
49035113539,-0.205287722316314,-0.314363636389333,0.069355947543628,-0.329820465237426,-0.109075914073019,0.27464366985994204,-0.12453274292111197,352.0,351.0,344.0,386.0,18.83923211457056
49035111701,-0.331858955523881,0.296489299720254,-0.600061703126651,-0.407111344099208,0.6283482552441351,-0.26820274760276996,-0.07525238857532701,380.0,183.0,464.0,405.0,121.8660466796775
49035111903,-0.894185539237766,-0.186672321647983,-0.554869481627304,-1.391173772599763,0.707513217589783,0.339316057610462,-0.49698823336199704,475.0,320.0,460.0,504.0,81.8957670863804
49035111905,-0.398101584003403,0.127606594025472,-0.779752060015315,-0.398364143850397,0.525708178028875,-0.38165047601191204,-0.0002625598469939705,396.0,234.0,470.0,401.0,100.03790948102291
49035113309,-0.682550581763446,-0.320781163274198,-0.515648654411241,-0.8318135795896,0.361769418489248,0.166901927352205,-0.14926299782615404,449.0,354.0,453.0,475.0,53.730035051790786
