field_name,data_type,unit,allowed_values,nullable,description,notes,rows,null_rate,unique_values,min,p25,median,mean,p75,max,sample_values
linked_trip_id,string,,,no,Unique identifier for a reconstructed linked journey containing one or more trip segments.,Use with segment_order to reconstruct the ordered linked journey.,103774,0,102489,,,,,,,941d6bf2c8e1e2b8f1eb660b81ee4b32403335fa0894427d452a2adca73de1b2; d39ff47813d2ba013f54fec9c9fa167fff0f714c51e700aa5830c68ab9110eb2; a668602fe64f92127dd4bcd6d6efcf2860ae02899c6f498bb719a650a91208c6; f011e8284be54c9f1b8d83a2026d212c12467a9983929d8e1335840a60874b48; 3573b57b67d7e6ffc5c8fb544f5eece0ef0c33f78941596d04b1eca78ee05c27
trip_id,string,,,no,Unique identifier for a reconstructed single-mode trip segment.,Primary segment-level identifier.,103774,0,103774,,,,,,,550d1c7b3336039a993c2b1af1faf68691f96e9ba6a1b7af1f00c16c98a0ceff; 193f446110d263bc5688fffef0a0db12b2bde46443bd35ab9723810da0687085; 36344b97d020dcc2b455498091d7220f7419e9590a1fbe63c39435740a668a3c; 09c15932f83bb0b093bcb9f915d3a9ab933bdc67d5c9a49a5771845f516ccf5b; 3a473248c24e22a0c912ecfae96c0baa2445fd2b94d34b6e84b11f2296bc03f9
segment_order,integer,,positive integers starting at 1,no,Sequential position of the trip segment within linked_trip_id.,Assigned by sorting segments within each linked_trip_id by local trip start time.,103774,0,6,1,1,1,1.015004,1,6,
travel_mode,string,,car; walk/bike; bus; rail,no,Inferred travel mode for the trip segment.,Values identify the segment-level travel mode.,103774,0,4,,,,,,,car; walk/bike; bus; rail
year_start,integer,,2020,no,Year when the trip segment starts.,Exact start date is not released in sample data.,103774,0,1,2020,2020,2020,2020,2020,2020,
month_start,integer,,,no,Month when the trip segment starts.,Exact start date is not released in sample data.,103774,0,,,,,,,,
day_of_week_start,integer,,0-6,no,Day of week when the trip segment starts.,Monday=0 and Sunday=6.,103774,0,1,2,2,2,2,2,2,
30_interv_start,integer,,0-47,no,30-minute interval index within the day when the trip segment starts.,0 indicates 00:00-00:29 and 47 indicates 23:30-23:59 local time.,103774,0,48,0,20,28,26.937769,34,47,
year_end,integer,,2020,no,Year when the trip segment ends.,Exact start date is not released in sample data.,103774,0,1,2020,2020,2020,2020,2020,2020,
month_end,integer,,,no,Month when the trip segment ends.,Exact start date is not released in sample data.,103774,0,,,,,,,,
day_of_week_end,integer,,0-6,no,Day of week when the trip segment ends.,Monday=0 and Sunday=6.,103774,0,2,2,2,2,2.003064,2,3,
30_interv_end,integer,,0-47,no,30-minute interval index within the day when the trip segment ends.,0 indicates 00:00-00:29 and 47 indicates 23:30-23:59 local time.,103774,0,48,0,21,29,27.619259,35,47,
geohash6_orig,string,,Geohash-6,no,Generalized trip origin as a Geohash-6 cell.,"Do not interpret as an exact address, building location, or GPS coordinate.",103774,0,4478,,,,,,,9x23kt; 9x0rp7; 9x22vc; 9x0rv8; 9x0rtg
geohash6_dest,string,,Geohash-6,no,Generalized trip destination as a Geohash-6 cell.,"Do not interpret as an exact address, building location, or GPS coordinate.",103774,0,4466,,,,,,,9x23eg; 9x0qzv; 9x22w2; 9x0rys; 9x0ry1
trip_duration,float,minutes,non-negative numeric values,no,Reconstructed trip duration in minutes.,Derived from local trip start and end times before exact timestamps are removed; rounded to two decimal places.,103774,0,7529,0.03,9.23,16.1,24.952153,27.8,1427.43,
network_distance,float,miles,non-negative numeric values,no,Total reconstructed network distance for the trip segment.,Distance is measured along the inferred transportation network.,103774,0,5149,0.01,1.77,4.2,7.577018,9.53,182.62,
route_taken,string,,ordered node id sequence,no,Ordered sequence of network node identifiers representing the inferred route.,Original route is retained in this build. Car and walk/bike routes use OSM node identifiers; bus and rail routes use GMNS transit node identifiers.,103774,0,102954,,,,,,,"83019963, 83064659, 83023138, 83023136, 83004325, 83004328, 1251058405, 82985879, 82982353, 82982360, 1003337748, 1003337751, 1003380325, 7467300083, 7467300067, 7467300070, 866128083, 1003380407, 1878833415, 866128089, 7565722329, 7565722327, 7565722326, 7565722310, 7565722311, 7565722312, 7565722313, 6226421650, 7565722315, 11132791743, 7565722317, 10131822152, 10131822142, 10131822136, 7502213755, 5531824223, 83039306, 83009678, 82987048, 82978586, 82978582, 82981718, 82981716, 82986611; 7079232820, 9553613638, 83588661, 9553613639, 9553613640, 481969578, 83611524, 83611522, 83595127, 3639607855, 83611520, 83611518, 83611516, 83611512, 83611509, 83611507, 83611505, 83526378, 9553613646, 9553613641, 9553613644, 9960910720, 9960910773, 9960910785, 9963116242, 9960910759, 9960910779, 9963116243, 7378948197, 6026249212, 1617369612, 83601099, 83693989, 83639181, 83596515, 83542577, 83544783, 7185679284, 2469490764, 83693468, 83692918, 83693471, 83555604, 83667352, 1674482261, 83667429, 83711176, 83594314, 83540549, 1674494703, 1674494704, 83520879, 83688168, 83540172, 83560741, 83622735, 83711189, 83708987, 83708993; 83026754, 10056512675, 83026754, 7724794941, 83017938, 2055025819, 2055025802, 2055025849, 82966287, 304376908, 960090154, 82980583, 432946933, 432946936, 432937305, 83017336, 83017338, 82981990, 82984145, 7881998206, 4311967099, 4311967093, 4311967094, 4311967105, 4311967107, 82984709, 11199720231, 7013431825, 83014489, 7984826729, 83016140, 83015601, 83015617, 83017585, 83038148, 83056810, 83056815, 83056816, 416796563, 83025998, 416796465, 10578231350, 10578231347, 10578231353, 10578231346, 7192478628, 83006322, 82969879, 83030993, 83030991, 83030990, 83030988, 83031789, 83031793, 9388665680, 83011790, 83031808, 83031810, 83031813, 83018353, 83031814, 83031816, 83031818, 82996428, 83031821, 82996428; 6961379587, 11192795727, 11192795722, 83609821, 1487776818, 83626379, 83697973, 83697971, 83553449, 83569584, 83569586, 3529416879, 83569590, 83569592, 83569594, 83569601, 83541894, 83569603, 12069061280, 4750024777, 83569605, 83558944, 12029715477, 83569608, 7711131350, 3737720356, 83569610, 1573548374, 1571999222, 1571999223, 1571999225, 3227099047, 11054749563, 7711104308, 1571999229, 7711104311, 83667929, 83667259, 2955348593, 1581511237, 2140780702, 2140780696, 7184361515, 10304951659, 2140780697, 2140780700, 83548366, 6612121442, 10304951661, 7184361514, 83548364, 83600886, 505495782, 83600888, 10765526130, 10765526133, 366082063, 11463024046, 384732620, 7734457995, 6347474778, 83546028, 83600894, 83600895, 83559642, 6491700866, 6491700865, 12158506886, 83586814, 12158506887, 5297839586, 3642940854, 83660135, 8072781518, 8072781521, 8072761015, 8072761012, 8072761007, 8072761009, 2469692818, 2313165911, 83663005, 12067018834, 12067018835, 12067018834, 83663005, 2313165911, 2469692818, 8072761010, 1218569361, 1218569143, 83660135, 3642940854, 5297839586, 12158506887, 83586814, 12158506886, 6491700865, 6491700866, 83559642, 83600895, 83600894, 83546028, 6347474778, 11463024045, 366082042, 10765526134, 83600892, 8178663382, 10765526130, 83600888, 505495782, 83600886, 83548364, 11055000319, 83558240, 11055000319, 83548364, 83600886, 505495782, 83600888, 10765526130, 10765526133, 366082063, 11463024046, 384732620, 7734457995, 6347474778, 83546028, 83600894, 83600895, 83559642, 6491700866, 6491700865, 12158506886, 83586814, 12158506887, 5297839586, 3642940854, 83660135, 8072781518, 8072781521, 8072761015, 8072761012, 8072761007, 8072761009, 2469692818, 2313165911, 2469692818, 83662414; 83553412, 11075377473, 83621491, 3529416826, 3529416827, 3599132856, 3529416828, 3529416830, 3529416831, 469580285, 3529416833, 3529416834, 3529416835, 8265931641, 8265931639, 3599132269, 3529416838, 3529416840, 11147034960, 9497034431, 8001539781, 3529416848, 5864352788, 8236307293, 3529416849, 3529416850, 5864370946, 3529416851, 10889712058, 3529416854, 3529416855, 3529416861, 3529416865, 3529416866, 3529416867, 11076107866, 3529416869, 3529416871, 83621470, 9696956696, 3529416874, 9696956697, 3529416876, 9696956698, 9696956699, 3529416879, 3529416881, 3529416882, 3529416885, 7663778915, 3529416886, 3529416887, 3529416888, 9649069574, 3529416889, 83551129, 83551101, 83551103, 83551104, 83551106, 83541886"
route_speed,string,mph,comma-separated numeric values,no,Speed values associated with route segments where available.,Interpret together with route_taken and network context. Summary statistics are calculated across parsed comma-separated speed values; non-numeric tokens and the -1 placeholder are excluded.,103774,0,9328,0,13.87,24.71,28.032362,38.64,157.08,18.64; 18.64; 9.69; 9.69; 9.69
access_stop,string,,,yes,Name of the boarding/access stop in the transit network.,Populated for applicable transit records; generally null or empty for non-transit records.,103774,0.96212,1662,,,,,,,Monroe St @ 8375 S; Fashion Place West Station; Power Station; Ballpark Station; Redwood Rd @ 10198 S
access_stop_id,string,,transit node_id,yes,Transit network node_id of the boarding/access stop.,Populated for applicable transit records.,103774,0.96212,1720,,,,,,,1004825; 1002951; 1003997; 1002968; 1002820
egress_stop,string,,,yes,Name of the alighting/egress stop in the transit network.,Populated for applicable transit records; generally null or empty for non-transit records.,103774,0.96212,1718,,,,,,,3900 S @ 3290 E; Murray Central Station; Jackson/Euclid Station; South Jordan Pkwy @ 1667 W; 900 E @ 591 S
egress_stop_id,string,,transit node_id,yes,Transit network node_id of the alighting/egress stop.,Populated for applicable transit records.,103774,0.96212,1778,,,,,,,1004302; 1002950; 1003993; 1003095; 1003165
trip_weight,float,,positive numeric values,no,Population expansion weight for eligible records.,Use for population-expanded aggregation; rounded to two decimal places.,103774,0,2211,0.15,8.02,12.81,24.45557,21.12,890.58,
